user,repository,stars,forks,issues,size,language
Juude,Arts,1,0,0,0,null
Juude,Awesome-Android-Architecture,1164,256,4,21,null
Juude,awesome-android-performance,2382,341,2,31718,null
Juude,Awesome-Cross-Platform-Apps,129,29,1,7,null
michalbe,7z,1,0,1,408,JavaScript
michalbe,addon-that-search-one-sites-data-on-the-other-site,1,0,0,160,JavaScript
monero-project,kastelo,25,12,0,17428,C
monero-project,kovri,487,83,88,9217,C++
monero-project,kovri-docs,17,30,4,1449,null
monero-project,kovri-site,9,21,15,12555,CSS
monero-project,meta,44,22,54,93,Python
monero-project,mininero,29,18,2,1986,Python
monero-project,miniupnp,3,7,3,2684,C
monero-project,monero,3069,1535,323,140348,C++
monero-project,monero-forum,6,12,11,11422,PHP
monero-project,monero-gui,323,391,259,7210,QML
monero-project,monero-site,60,226,42,72443,CSS
monero-project,research-lab,70,32,8,15379,TeX
monero-project,supercop,4,5,1,273,Assembly
monero-project,unbound,3,11,4,78841,C
monero-project,urs,40,16,1,187,Go
monero-project,xmr-seeder,6,6,0,10,Python
vladikoff,123done,1,0,0,2731,JavaScript
andrewgodwin,airport-mogul,2,0,0,808,C
andrewgodwin,arcdiscvist,2,2,0,25,Python
andrewgodwin,arduino-examples,9,4,0,176,Arduino
andrewgodwin,asgigram,21,1,0,5,Python
andrewgodwin,channels-examples,721,226,0,263,Python
andrewgodwin,datastore-workshop,2,3,1,136,Python
spacehuhn,ArduinoARPspoof,130,41,7,893,Arduino
spacehuhn,ArduinoPcap,136,27,6,69,C++
spacehuhn,DeauthDetector,172,60,4,1761,Arduino
spacehuhn,esp8266_beaconSpam,171,48,3,1625,C++
spacehuhn,esp8266_deauther,3028,789,46,14076,C
spacehuhn,nodemcu-devkit-v1.0,1,2,0,19453,Batchfile
spacehuhn,packetGraph,9,6,0,254,Python
spacehuhn,PacketMonitor,141,45,6,2041,C++
spacehuhn,PacketMonitor32,68,10,3,701,C++
spacehuhn,SimpleList,2,1,0,50,C++
spacehuhn,SimpleMap,3,0,0,38,C++
spacehuhn,wifi_ducky,518,135,27,10884,C
spacehuhn,wifi_keylogger,90,24,5,874,Arduino
adad184,adad184.github.com,1,1,0,8856,HTML
adad184,adad184.github.com.source,1,1,0,4336,JavaScript
thedaviddias,Badass-List-of-jQuery-Plugins,14,3,2,4,null
thedaviddias,build-internet-with-jade-exercices,2,0,0,0,null
thedaviddias,build-internet-with-pug,3,0,0,2,null
thedaviddias,design-patterns-for-humans,7,1,0,74,null
thedaviddias,Front-End-Checklist,28085,2583,45,2345,JavaScript
thedaviddias,Front-End-Design-Checklist,2588,162,1,1350,null
thedaviddias,github-issue-templates,3,1,0,12,null
thedaviddias,gulp-check-gems,1,1,1,5,JavaScript
thedaviddias,gulp-json-concat,5,2,2,25,JavaScript
sergeche,ant-tools,13,2,0,14141,JavaScript
geekcomputers,Applescript,27,11,0,168,AppleScript
geekcomputers,AutoIt,22,15,0,97,null
geekcomputers,Batch,17,10,0,120,Shell
geekcomputers,Oracle-SQL,32,28,1,201,Shell
geekcomputers,Perl,4,2,0,112,Perl
ole,Ampere,152,11,7,64,Swift
ole,Animated-Paths,500,97,0,63,Objective-C
ole,AppointmentList,45,18,0,122,Objective-C
oasisfeng,android-smartdial-chinese,28,6,0,276,Java
oasisfeng,condom,1965,132,3,271,Java
oasisfeng,deagle,87,13,0,270,Java
coderyi,500lines,1,0,0,61096,TeX
scrooloose,active_admin,2,0,0,6017,Ruby
cvrebert,bashrc,6,1,0,15,Shell
H07000223,FlycoBanner_Master,503,149,15,12977,Java
H07000223,FlycoDialog_Master,1900,491,21,11093,Java
H07000223,FlycoLabelView,800,160,3,1836,Java
H07000223,FlycoPageIndicator,528,119,3,1095,Java
H07000223,FlycoRoundView,580,101,11,393,Java
H07000223,FlycoSystemBar,990,118,5,31537,Java
H07000223,FlycoTabLayout,6683,1527,177,2603,Java
jboner,akka-bench,17,4,0,128,Scala
jboner,akka-crdt,192,23,0,255,Scala
jboner,akka-ships,2,0,1,32444,Scala
jboner,akka-spike2,1,0,0,2562,Java
jboner,akka-training,17,3,1,144,Scala
jboner,aspectwerkz,7,1,2,12384,Java
eduardolundgren,alloy-ui,3,1,6,583042,JavaScript
eduardolundgren,alloyui.com,1,0,0,139466,JavaScript
eduardolundgren,car-plate-segmentation,8,2,0,940,Matlab
eduardolundgren,cli-log,1,0,0,140,JavaScript
eduardolundgren,color-blindness-simulator,1,1,0,612,Matlab
stamparm,aux,6,0,0,82399,null
stamparm,cryptospecs,25,17,0,18075,C
stamparm,DSFS,42,34,0,264,Python
stamparm,DSJS,64,26,0,10,Python
stamparm,DSSS,302,93,0,103,Python
stamparm,DSVW,348,123,0,40,Python
stamparm,DSXS,203,70,1,51,Python
stamparm,dummy_python,8,2,0,12,null
stamparm,EternalRocks,360,146,1,20677,null
stamparm,fetch-some-proxies,358,101,1,24,Python
stamparm,hontel,92,24,0,556,Python
stamparm,ipnoise,8,7,0,36,Python
stamparm,ipsum,157,32,0,2399,null
stamparm,maltrail,2565,465,46,4824,Python
stamparm,python-ipcat,4,3,0,5,Python
stamparm,tsusen,82,28,5,355,Python
bfirsh,agent-plugins,1,0,0,184,Python
fogus,bacwn,117,7,1,533,Clojure
fogus,baysick,207,36,5,232,Scala
fogus,codd,60,2,0,7927,JavaScript
OdeToCode,AddFeatureFolders,118,35,3,44,C#
bmizerany,amazon-ec2,2,2,0,1239,Ruby
bmizerany,amqp,4,1,0,429,Ruby
bmizerany,assert,138,37,7,32,Go
bmizerany,attrubates,3,1,0,112,Ruby
bmizerany,aws,26,9,2,127,Go
bmizerany,aws.go,2,2,0,103,Go
bmizerany,aws4,69,20,7,515,Go
bmizerany,bacon,3,1,0,121,Ruby
bmizerany,bang,2,1,0,76,Ruby
bmizerany,beldam,15,1,0,104,Ruby
bmizerany,capistrano-bells,4,1,0,89,Ruby
bmizerany,cheat,2,1,0,101,Ruby
bmizerany,chef,3,1,0,12511,Ruby
bmizerany,cloudquery,3,1,0,110,Ruby
bmizerany,contest,2,1,0,89,Ruby
bmizerany,coral,2,1,0,90,Ruby
bmizerany,coreup,1,1,0,141,Go
bmizerany,couchdb-simple-demo,2,1,0,85,Ruby
bmizerany,delayed_job,2,0,0,2683,Ruby
bmizerany,describe-tag,1,1,0,110,Go
bmizerany,domainy,4,5,0,79,Ruby
bmizerany,doozer-bench,2,1,0,100,Go
bmizerany,doozerd,6,1,0,3108,Go
pcqpcq,android-jobs,1,1,0,323,null
pcqpcq,android-tech-frontier,25,18,0,16551,null
pcqpcq,AndroidStudioTemplates,5,1,0,87,FreeMarker
pcqpcq,AXMLEditor,2,0,0,525,Java
JonathanSalwan,abf,84,24,0,702,Python
JonathanSalwan,binary-samples,78,35,2,9373,Makefile
JonathanSalwan,Kaminou-Kernel,20,3,0,530,C
JonathanSalwan,PinTools,310,100,1,2086,C++
JonathanSalwan,ROPgadget,1475,340,18,10493,Python
JonathanSalwan,stuffz,72,25,0,75,C++
JonathanSalwan,Tigress_protection,229,46,0,13536,LLVM
JonathanSalwan,Triton,961,213,31,21111,C++
JonathanSalwan,VMNDH-2k12,25,6,1,185,C
devxoul,2nd,1,0,0,715,null
devxoul,4SharedDownloader,2,0,0,43964,ActionScript
devxoul,AlertReactor,12,0,0,29,Swift
devxoul,allkdic,99,18,10,3084,Swift
88250,resume,15,3,0,7,null
coleifer,beefish,44,7,2,9,Python
coleifer,chrome-extensions,51,34,1,13,JavaScript
coleifer,django-generic-aggregation,69,11,2,50,Python
coleifer,django-generic-m2m,137,25,5,280,Python
coleifer,django-relationships,354,104,8,268,Python
coleifer,dot-theme,27,0,0,24,Python
coleifer,flask-peewee,623,153,33,1579,Python
coleifer,huey,1798,188,1,2865,Python
coleifer,irc,163,51,1,108,Python
coleifer,kt,3,1,0,96,Python
coleifer,kvkit,9,0,0,36,Python
coleifer,micawber,395,61,1,158,Python
coleifer,peewee,5332,933,2,11072,Python
coleifer,pysqlite3,4,0,1,87,C
coleifer,python-lsm-db,61,8,0,1358,C
coleifer,scout,113,12,0,188,Python
coleifer,simpledb,38,6,0,91,Python
coleifer,sophy,55,6,0,716,C
coleifer,sqlite-vtfunc,25,3,0,352,Python
coleifer,sqlite-web,569,78,0,708,HTML
coleifer,sqlite3-bloomfilter,1,0,0,3,C
coleifer,sweepea,12,0,0,2139,Python
coleifer,unqlite-python,230,23,1,1412,C
coleifer,vedis-python,75,9,0,731,C
coleifer,walrus,463,34,2,322,Python
coleifer,wtf-peewee,83,23,3,151,Python
ToyoDAdoubi,across,2,7,0,101,Shell
ToyoDAdoubi,cloud-torrent,3,10,0,12658,Go
ToyoDAdoubi,DirectoryLister,289,156,0,332,PHP
ToyoDAdoubi,doubi,1382,828,7,1573,Shell
ToyoDAdoubi,filemanager,9,29,0,34211,Go
ToyoDAdoubi,luci-app-shadowsocksr,3,7,0,370,Shell
ToyoDAdoubi,openwrt-shadowsocksr,1,7,0,244,Makefile
ToyoDAdoubi,openwrt-shadowsocksR-libev-full,1,5,0,394,null
ToyoDAdoubi,ServerStatus-Toyo,187,146,1,3001,C
ToyoDAdoubi,shadowsocks-rss,5,25,0,51,null
ToyoDAdoubi,shadowsocksr,158,247,0,3866,Python
ToyoDAdoubi,shadowsocksr-android,4,7,0,50594,null
ToyoDAdoubi,shadowsocksr-csharp,3,10,0,6987,C#
ToyoDAdoubi,shadowsocksr-libev,2,10,0,4000,C
ToyoDAdoubi,ShadowsocksX-NG,1,5,0,18631,null
ToyoDAdoubi,SSRStatus,103,100,0,98,JavaScript
ToyoDAdoubi,vpstest,6,46,0,22,Shell
topfunky,angular-seed,2,1,0,6668,JavaScript
topfunky,ar_fixtures,68,23,3,237,Ruby
topfunky,async_observer,3,1,0,120,Ruby
topfunky,backbone-couchdb,2,1,0,415,JavaScript
topfunky,barista,2,1,0,242,Ruby
topfunky,basic_model,51,12,2,87,Ruby
topfunky,bigapp,2,1,0,196,Ruby
topfunky,blog-comments,2,0,1,0,null
topfunky,cache.js,3,1,0,115,JavaScript
topfunky,calendar_helper,378,98,2,332,Ruby
topfunky,cappuccino,2,1,0,5705,Objective-J
topfunky,cappuccino-couchdb,66,6,0,1529,Objective-J
topfunky,cascadiajs.github.com,1,1,0,5032,JavaScript
topfunky,castanaut,9,1,0,108,Ruby
topfunky,categories,6,3,0,93,Objective-C
topfunky,choctop,7,1,0,880,Ruby
topfunky,CocoaHelpDemo,4,1,0,152,Objective-C
topfunky,couchrest,5,4,0,2198,Ruby
topfunky,css_graphs,1,1,0,124,Ruby
topfunky,datamapper.github.com,2,1,0,934,JavaScript
topfunky,demo-mocha-watch-bug,2,1,0,92,JavaScript
topfunky,demo-simplest-socket-io,5,3,1,94,JavaScript
iammert,android-advancedrecyclerview,1,1,0,1303,Java
iammert,android-architecture,1,0,0,7526,null
iammert,android-architecture-components,1,2,0,610,Java
iammert,Android-MVVM-Architecture,150,51,1,1846,Java
iammert,Android-ReactiveLocation,1,1,0,1088,Java
iammert,android-slidingactivity,3,2,0,5450,Java
iammert,android-sortedlist-sample,22,3,0,187,Kotlin
iammert,AndroidArchitecture,656,141,8,1375,Java
iammert,AndroidMediumArticles,2,0,0,7,GCC Machine Description
iammert,AnimatedTabLayout,198,18,5,6112,Kotlin
iammert,autobahn-android,1,0,0,5155,Java
PaulKinlan,a-topical,3,3,0,332,Python
PaulKinlan,air-horner,14,3,2,274,JavaScript
nicolasgramlich,AndEngine,2980,1457,116,23510,Java
nicolasgramlich,AndEngineAugmentedRealityExtension,65,97,3,1771,Java
nicolasgramlich,AndEngineCocosBuilderExtension,7,25,0,184,null
nicolasgramlich,AndEngineCocosBuilderExtensionCCRotatingSpriteExtension,1,19,0,119,Java
nicolasgramlich,AndEngineExamples,373,380,27,90062,Java
nicolasgramlich,AndEngineLiveWallpaperExtension,80,100,2,2257,Java
nicolasgramlich,AndEngineMODPlayerExtension,49,83,1,1679,C
nicolasgramlich,AndEngineMultiplayerExtension,67,97,2,12674,Java
nicolasgramlich,AndEngineMultiTouchExtension,16,48,3,118,Java
nicolasgramlich,AndEnginePhysicsBox2DExtension,144,205,11,24367,C++
nicolasgramlich,AndEngineRobotiumExtension,19,40,3,180,Java
nicolasgramlich,AndEngineRobotiumExtensionExample,23,30,0,155,Java
nicolasgramlich,AndEngineRobotiumExtensionExampleTest,11,14,0,894,Java
nicolasgramlich,AndEngineScriptingExtension,32,59,2,15352,C++
nicolasgramlich,AndEngineScriptingExtensionGenerator,16,32,0,13621,Java
nicolasgramlich,AndEngineServerExtension,3,10,0,217,null
nicolasgramlich,AndEngineSpineExtension,3,7,0,701,Java
nicolasgramlich,AndEngineSVGTextureRegionExtension,63,93,6,2715,Java
nicolasgramlich,AndEngineTest,33,29,2,2438,Java
nicolasgramlich,AndEngineTexturePackerExtension,54,86,2,167,Java
nicolasgramlich,AndEngineTMXTiledMapExtension,67,124,12,168,Java
benlesh,add-features-with-rxjs,3,1,0,164,TypeScript
benlesh,aim,5,1,0,305,TypeScript
benlesh,ALE,40,7,0,807,C#
tonsky,2017-05-RigaDevDays,2,0,0,11048,JavaScript
ttscoff,aboo,6,1,0,723,Objective-C
ttscoff,AnyBar,110,8,0,825,Objective-C
ttscoff,bash-it,10,2,0,34455,Shell
ttscoff,blogsmith-tmbundle,30,3,0,1668,Ruby
ttscoff,bookmark-cli,21,0,0,256,Objective-C
ttscoff,bookmarklets,3,1,0,104,JavaScript
ttscoff,Brett-s-TextExpander-Snippets,113,13,0,354,PHP
ttscoff,Character-pair-autocompletion,8,3,0,96,null
ttscoff,cheaters,392,98,2,2223,HTML
ttscoff,CodeMirror2,4,0,0,531,JavaScript
ttscoff,CodeReminder,13,1,0,96,Ruby
ttscoff,coughbutton,19,3,0,255,JavaScript
ttscoff,CriticMarkup-toolkit,6,1,0,509,Python
ttscoff,CSSS,1,0,0,350,JavaScript
ttscoff,delimport,3,0,0,1152,Objective-C
ttscoff,delimport-pinboard,17,2,0,307,Objective-C
ttscoff,Dictionary-tmbundle,2,0,0,80,null
ttscoff,doing,551,66,10,746,Ruby
jennschiffer,Ask-a-Cop-Responsive-Images-Solution,37,8,1,449,null
fengdu78,Coursera-ML-AndrewNg-Notes,4006,1347,7,567045,HTML
fengdu78,deeplearningbook-chinese,46,32,0,6869,TeX
fengdu78,deeplearning_ai_books,2746,981,13,460440,HTML
fengdu78,face_recognition,8,15,0,100629,Python
julianduque,.config,4,7,0,152,Lua
julianduque,animate-client,2,11,0,248,JavaScript
julianduque,animate-server,33,87,0,245,JavaScript
julianduque,args,2,0,0,68,JavaScript
julianduque,async-js-example,8,1,0,7,JavaScript
julianduque,awesome-micro,1,1,0,14,null
julianduque,beaglebone-io,62,20,4,124,JavaScript
julianduque,bootstrap-starter-coderise,1,32,0,710,CSS
hotoo,.gitblacklist,1,0,3,156,Shell
hotoo,.n-completion,1,0,0,128,null
aheckmann,.vim,9,2,1,1323,VimL
aheckmann,await-busboy,2,0,0,50,JavaScript
aheckmann,channel9,9,2,0,139,JavaScript
aheckmann,connect,2,1,0,4705,JavaScript
aheckmann,connect-multipart-gridform,19,6,0,155,JavaScript
g0tmi1k,backtrack-update,2,5,0,11,Python
g0tmi1k,boot2root-scripts,39,19,0,152,Python
g0tmi1k,CeWL,2,8,0,84,Ruby
g0tmi1k,commix,3,4,0,3480,Python
tbranyen,alertify.js,3,0,0,109,JavaScript
hitherejoe,Android-Boilerplate,1831,1200,7,523,Java
hitherejoe,AndroidTvBoilerplate,178,26,1,5399,Java
hitherejoe,animate,2844,449,5,19836,Java
hitherejoe,Aware,87,30,5,228,Java
hitherejoe,Bastion,3,1,0,147,Kotlin
hitherejoe,BottomNavigationViewSample,121,54,8,194,Java
hitherejoe,Bourbon,1094,144,8,9899,Java
hitherejoe,BrailleBox,19,4,0,3557,Java
hitherejoe,Constraints,325,32,0,10859,Java
evanphx,ace,1,0,0,20170,JavaScript
evanphx,alexa,78,12,2,30219,Go
evanphx,amqp,1,1,0,717,Go
evanphx,atc,1,0,0,159045,Go
evanphx,benchmark-ips,1084,60,3,177,Ruby
evanphx,benchmark.fyi,9,4,3,30,Ruby
evanphx,benchmark_suite,48,8,1,128,Ruby
matthewmccullough,babbage,1,0,0,580,Python
matthewmccullough,bookauthoringhowto,4,0,0,109,null
matthewmccullough,cascading-course,5,1,0,1639,Java
matthewmccullough,cicd-demo,1,0,0,136,CSS
matthewmccullough,Creative-Commons-4.0-Markdown,3,9,0,335,null
matthewmccullough,demo-buildpromotiondev,1,2,1,98,Java
matthewmccullough,demo-buildpromotionqa,1,1,0,96,Java
gaylemcd,jquery-cookie,2,2,0,1519,JavaScript
josegonzalez,ansible-ssh,2,0,0,2,Python
fengyuanchen,code-guide,3,0,0,273,CSS
fengyuanchen,completer,78,28,1,79,JavaScript
fengyuanchen,countdown,43,22,1,25,JavaScript
fengyuanchen,create-banner,4,0,0,55,JavaScript
fengyuanchen,create-vue-component,6,0,0,94,JavaScript
fengyuanchen,cropper,6867,1575,6,5675,JavaScript
fengyuanchen,cropperjs,3774,743,26,4138,JavaScript
fengyuanchen,datepicker,665,258,23,669,JavaScript
fengyuanchen,distpicker,1064,291,4,496,JavaScript
fengyuanchen,exif,15,4,1,561,JavaScript
fengyuanchen,fengyuanchen.github.io,1,3,0,17,HTML
fengyuanchen,fly-htmlcomb,1,0,0,108,JavaScript
fengyuanchen,formcache,51,12,1,173,JavaScript
MikeMcQuaid,AsciiDoc.tmbundle,1,0,0,8,null
MikeMcQuaid,brew,2,0,0,23691,Ruby
joelgrus,advent2017,4,0,0,156,Python
hfiref0x,Beacon,6,2,0,1,HTML
hfiref0x,CVE-2015-1701,227,157,1,42,C
hfiref0x,DSEFix,215,95,0,260,C
hfiref0x,LightFTP,45,34,0,221,C
hfiref0x,NtCall64,64,30,0,111,C
hfiref0x,Stryker,46,18,0,169,C
hfiref0x,SXSEXP,26,17,0,82,C
hfiref0x,SyscallTables,172,58,0,1065,C
hfiref0x,TDL,480,184,0,214,C
hfiref0x,UACME,1301,463,0,8050,C
hfiref0x,UPGDSED,340,129,2,1902,C
hfiref0x,Vault,4,4,0,179,Pascal
hfiref0x,VBoxHardenedLoader,274,95,1,17686,C
hfiref0x,VMDE,72,35,0,917,C
hfiref0x,WinObjEx64,252,76,0,4340,C
hfiref0x,ZeroAccess,105,75,0,354,C
phanan,cascading-config,53,7,2,31,PHP
phanan,counter-meetup,2,0,0,140,JavaScript
markjaquith,airplane-mode,8,1,0,193,PHP
pardom-zz,ActiveAndroid,4578,1102,322,18083,Java
pardom-zz,CleanNews,82,12,4,354,Kotlin
vojtajina,ace,1,1,0,11405,JavaScript
jaredpalmer,after.js,2470,97,17,921,TypeScript
gentilkiwi,basic_rpc,38,10,0,23,C
YunaiV,apollo,3,2,0,40415,Java
YunaiV,architect-awesome,6,6,0,266,null
YunaiV,Blog,681,220,1,17816,null
phoboslab,Asaph,85,22,1,39,PHP
phoboslab,Ejecta,2517,305,39,133440,Objective-C
phoboslab,Ejecta-Desktop-Polyfill,7,1,0,101,JavaScript
phoboslab,Impact,1144,61,2,265,JavaScript
phoboslab,impact-box2d,43,12,0,183,JavaScript
phoboslab,impact-splash-loader,31,9,1,123,JavaScript
phoboslab,JavaScriptCore-iOS,501,141,10,21554,C++
phoboslab,jQuery-JSH,10,2,1,90,null
phoboslab,js-hqx,159,22,4,164,JavaScript
phoboslab,JS360,44,4,1,430,C#
phoboslab,jsmpeg,3156,668,89,1426,JavaScript
phoboslab,jsmpeg-vnc,1574,260,37,373,C
phoboslab,json-format,33,6,0,98,JavaScript
phoboslab,OculusWeb,53,5,1,248,C
phoboslab,picturelicious,33,6,0,168,PHP
phoboslab,python-impact,1,1,0,72,Python
phoboslab,Quakespasm-Rift,116,21,8,10046,C
phoboslab,TwoPointFive,113,15,3,668,JavaScript
phoboslab,WebGLImageFilter,180,39,5,145,JavaScript
phoboslab,wipeout,339,27,17,308,JavaScript
darkoperator,ADAudit,37,7,0,88,null
darkoperator,AllTheThings,2,1,0,596,JavaScript
pamelafox,5lide,22,6,0,874,JavaScript
x1ddos,aegot,12,3,0,177,Go
x1ddos,bcbo,1,0,0,972,JavaScript
nikitavoloboev,alfred-ask-create-share,12,1,3,12957,Go
nikitavoloboev,alfred-awesome-lists,22,0,1,9523,Go
nst,AntennasAssignment,2,0,0,12736,Objective-C
mosabua,android-archetypes,3,3,0,466,Java
mosabua,android-open-source-tools,2,1,0,288,null
mosabua,android4maven,2,0,0,97,Shell
mosabua,android4maven-lint,2,0,0,104,Shell
mosabua,asciidoc-slidy2-backend-plugin,1,0,2,1892,HTML
mosabua,DroidAtScreen1,1,0,0,353,Java
mosabua,enterprise-tools-and-tricks-for-android-developers,1,0,0,56,null
mosabua,facebook-android-sdk,7,6,0,3751,Java
mosabua,helloflashlight,1,0,0,188,Java
mosabua,hudson,1,0,0,49998,Java
mosabua,hudson-book,1,0,0,294962,Shell
mosabua,hudson-packaging,1,0,0,137,Shell
mosabua,jasperserver-sample-webapp,1,4,0,3044,Java
bendc,anchor-scroll,345,27,4,19,JavaScript
bendc,animate,421,23,2,165,JavaScript
bendc,animateplus,4838,244,0,99,JavaScript
bendc,color-picker,38,2,1,5,JavaScript
bendc,frontend-guidelines,7126,614,0,18,null
bendc,jscss,39,3,0,113,JavaScript
bendc,parallax,50,4,0,3,JavaScript
bendc,search-filter,37,5,0,132,JavaScript
bendc,simple-test,9,0,0,2,JavaScript
bendc,sprint,4401,189,20,787,JavaScript
bendc,uilang,727,67,6,202,JavaScript
DreaminginCodeZH,AimAndroid,3,1,0,101,Java
DreaminginCodeZH,AimBackend,2,0,0,149,JavaScript
DreaminginCodeZH,AimFrontend,1,0,0,144,Vue
DreaminginCodeZH,android-lockpattern,2,1,0,268,Java
trustin,armeria,8,1,0,51742,Java
idiot,doge,109,15,7,166,JavaScript
idiot,Fool.js,140,24,2,209,JavaScript
hushnymous,android_frameworks_base,176,57,0,1182324,Java
hushnymous,android_packages_apps_Settings,81,30,2,197716,Java
bagder,afnetlink,1,1,0,136,C
bagder,bcut,8,0,0,96,C
ztellman,aleph,1994,187,30,2109,Clojure
ajlkn,baseline,135,37,3,1137,CSS
ajlkn,jquery.dropotron,126,63,8,35,JavaScript
ajlkn,jquery.poptrox,231,103,25,764,JavaScript
ajlkn,jquery.scrollex,172,56,4,22,HTML
ajlkn,jquery.touch,153,42,1,68,JavaScript
ajlkn,responsive-tools,18,0,1,16,CSS
ajlkn,skel,2250,360,24,70,JavaScript
ajlkn,skel.old,9,15,4,1143,JavaScript
AliSoftware,AliJSONRPC,12,2,0,2178,Objective-C
AliSoftware,alisoftware.github.io,8,8,1,4964,CSS
AliSoftware,ARAnalytics,1,0,0,1459,Objective-C
AliSoftware,awesome-falsehood,1,1,0,100,null
AliSoftware,awesome-swift,1,2,0,487,null
AliSoftware,banana-crumb-muffins,2,1,0,364,null
bdarnell,async_dropbox,68,14,0,110,Python
bdarnell,auto2to3,11,3,0,104,Python
bdarnell,bdarnell.github.com,2,3,0,1180,JavaScript
iosre,Adidas-Unconfirmed,5,0,1,1,Logos
iosre,ChromeKeyboardEnabler,2,0,0,1,Makefile
iosre,coco,9,5,0,24,Objective-C++
iosre,HippocampHairSalon,147,53,2,5261,Objective-C
iosre,iOSAppReverseEngineering,3662,405,5,15818,null
iosre,iosrelottery,19,9,0,119,Logos
iosre,Lai,9,1,0,17,Objective-C
iosre,MobileForum,1,2,0,0,null
rentzsch,access-date,2,0,0,96,C
audreyr,air,1,0,0,15,Python
audreyr,alotofeffort,54,5,6,46,Python
audreyr,auditionrocket_mockups,4,0,0,1900,null
audreyr,audreymroy.com,1,1,1,22434,HTML
audreyr,barcamp-django-sf-2014-art,1,0,0,7924,null
audreyr,binaryornot,57,16,10,422,Python
audreyr,brabeion,3,1,0,296,Python
robwormald,aim,3,1,1,359,TypeScript
robwormald,angular,2,1,0,82948,TypeScript
robwormald,angular-bazel-example,1,1,0,13,Python
atmos,aloha_2009,1,2,0,80804,null
atmos,appsly-android-rest,1,2,0,652,Java
atmos,as_time_goes_by,6,2,0,80,Ruby
FeeiCN,autossh,159,90,6,18,Shell
FeeiCN,cordova-plugin-geolocation,12,5,0,224,JavaScript
FeeiCN,dict,168,47,3,29,Python
FeeiCN,ESD,222,37,5,1693,Python
FeeiCN,grw,870,281,19,42251,JavaScript
FeeiCN,GSIL,608,185,1,81,Python
FeeiCN,Papers,44,7,3,18127,JavaScript
FeeiCN,vulture,108,16,6,670,null
FeeiCN,WebProxy,29,2,0,7,Python
FeeiCN,WSVD,41,15,0,272,null
nvbn,anndi,5,0,0,3,Python
nvbn,ArSnake,3,0,0,1246,JavaScript
nvbn,babelfish,1,0,0,233,Python
nvbn,bocko-android,8,2,0,165,Clojure
lkzhao,AppStoreTransition,25,0,2,7308,Objective-C
lkzhao,AsyncDisplayKit,2,1,0,16314,Objective-C++
lkzhao,awesome-hyperterm,2,0,0,168,null
lkzhao,awesome-ios,11,6,0,3586,Swift
matthewmueller,.dotfiles,7,2,5,247,Shell
matthewmueller,.js,2,0,0,104,JavaScript
matthewmueller,28kb-react-redux-routing,250,19,1,203,JavaScript
matthewmueller,action-sheet,1,0,0,128,JavaScript
matthewmueller,adjust,35,0,0,15,JavaScript
matthewmueller,adjust-engine,2,0,0,168,JavaScript
matthewmueller,aemitter,1,1,0,436,JavaScript
Wscats,Angular-news,229,112,5,3551,JavaScript
Wscats,angular-tutorial,224,126,34,16304,null
alysonla,alysonla.github.io,4,4,0,4226,CSS
SebLague,2DPlatformer-Tutorial,296,151,11,827,C#
SebLague,Blender-Shortcuts,15,5,0,14,null
SebLague,Blender-to-Unity-Character-Creation,14,49,0,2263,C#
Dinnerbone,Bukkit-1,1,0,0,3039,Java
Dinnerbone,BukkitFullOfMoon,22,19,3,168,Java
Dinnerbone,CraftIRC,3,0,0,812,Java
hikalkan,AdminBSBMaterialDesign,5,2,0,23797,JavaScript
hikalkan,aspnet-api-versioning,1,1,0,739,C#
hikalkan,awesome-ddd,2,3,0,128,null
rspivak,crammit,35,6,2,195,Python
rspivak,csdesign,230,22,0,370,Python
rspivak,cynic,34,6,1,198,Python
rspivak,httpcode,104,17,1,49,Python
rspivak,httpcode.el,10,4,1,130,Emacs Lisp
rspivak,logsna,50,4,0,130,Python
rspivak,lsbasi,513,133,6,56,Python
rspivak,lsbaws,403,235,9,12,Python
rspivak,nososql,5,2,0,112,Python
rspivak,serval,14,2,0,119,Python
rspivak,sftpserver,70,38,6,13,Python
rspivak,slimit,420,86,57,517,Python
rspivak,tinypie,46,8,0,170,Python
erikbern,ann-benchmarks,509,115,13,13697,Python
erikbern,ann-presentation,27,13,0,6256,Python
robotlolita,99-problems,1,0,0,172,Clojure
asweigart,50AndroidHacksProjects,1,2,0,220,Java
asweigart,al-computercraft,2,1,0,104,Lua
asweigart,AlDoesProjectEuler,2,1,0,39,Python
liufan321,FFAutoLayout,49,13,1,157,Swift
liufan321,FFCalendar,4,3,0,25,Objective-C
liufan321,FFChineseSort,181,31,1,129,Objective-C
robertdavidgraham,applevfbi,5,9,0,13233,null
robertdavidgraham,blurt,1,1,0,5214,C++
robertdavidgraham,c10mbench,7,12,0,229,C
robertdavidgraham,cgminer,1,3,0,19426,C
robertdavidgraham,cve-2015-5477,56,38,3,206,C
robertdavidgraham,deprogrammer,1,7,1,104,null
robertdavidgraham,echobench,8,3,0,156,C
robertdavidgraham,ferret,11,15,0,420,C
robertdavidgraham,hamster,36,27,1,181,null
robertdavidgraham,heartleech,655,133,9,9938,C
robertdavidgraham,iotpasswds,19,7,0,2,null
robertdavidgraham,isowall,255,49,1,259,C
robertdavidgraham,krackips,8,2,1,762,C
robertdavidgraham,masscan,8220,1386,215,2508,C
robertdavidgraham,model-s-api,1,1,0,89,Ruby
robertdavidgraham,modern-sockets,4,0,1,0,null
robertdavidgraham,montyhall-js,5,0,0,3,JavaScript
robertdavidgraham,packetdump,9,4,2,109,C
robertdavidgraham,papers,7,12,0,60178,C
robertdavidgraham,pemcrack,257,84,0,464,C
robertdavidgraham,robdns,552,59,6,1402,C
robertdavidgraham,RussiaDNSLeak,1,1,0,88684,null
robertdavidgraham,scan-results,4,8,0,716,null
robertdavidgraham,securedrop,2,3,0,14238,Puppet
robertdavidgraham,smb-logger,4,6,0,14,C
cenaion,AMA,4,3,8,0,null
cenaion,cosmos,30,7,0,8946,C++
cenaion,lab-material,2,0,0,0,null
hasherezade,7ev3n_decoders,4,3,0,37,Assembly
hasherezade,asm16_projects,7,5,0,15,Assembly
hasherezade,bearparser,138,35,0,401,C++
hasherezade,bootldr_demo,12,3,0,9,Assembly
hasherezade,bunitu_tests,13,7,0,472,Python
hasherezade,challs,5,4,0,71,C++
hasherezade,chimera_loader,79,28,1,237,C
hasherezade,crypto_utils,46,23,1,20,Python
hasherezade,decryptors_archive,16,15,0,4610,C++
hasherezade,demos,375,109,1,157,C
0xd4d,antinet,126,45,0,144,C#
rfyiamcool,ackqueue,3,0,0,2,Python
rfyiamcool,aiohttp_login,2,1,0,4,Python
rfyiamcool,ai_meinv,4,1,0,8,Python
johnlindquist,advanced-vue,1,3,0,3445,JavaScript
felixrieseberg,adfreeclient,2,1,0,416,CSS
felixrieseberg,AndroidAzureTweets,2,2,0,1584,Java
cnoon,Alamofire-Example-Apps,4,0,0,176,Swift
JellyBool,12306,29,7,1,60,PHP
SirCmpwn,aerc,269,13,27,477,C
SirCmpwn,anthy.js,3,0,1,10527,Perl
Akryum,apollo-client,1,0,0,8825,TypeScript
Akryum,apollo-client-browser,4,0,0,63,HTML
SensorsIot,3D-Printer-Auto-off-Switch,3,0,0,172,Eagle
SensorsIot,A6-GSM-Module,59,25,4,3116,Arduino
SensorsIot,ADC_Test,6,2,0,2,Arduino
SensorsIot,Antenna-Tester,3,2,0,5,C++
s0md3v,Arjun,297,55,0,30,Python
s0md3v,AwesomeXSS,423,75,0,32,null
s0md3v,Blazy,353,109,3,37,Python
s0md3v,Breacher,148,71,2,35,Python
s0md3v,Cloak,246,59,1,26,Python
s0md3v,Decodify,418,57,3,48,Python
s0md3v,Diggy,193,23,0,17,Shell
s0md3v,Entropy,17,5,0,12,Python
s0md3v,Hash-Buster,317,95,0,40,Python
s0md3v,hue,1113,54,3,35,Python
s0md3v,infinity,38,22,0,11,Python
s0md3v,JShell,138,42,0,5,Python
s0md3v,Locky,18,9,0,4,Python
s0md3v,nano,127,18,0,22,PHP
s0md3v,Photon,59,18,0,27,Python
s0md3v,proxify,39,13,0,26,Python
s0md3v,ReconDog,339,108,0,28,Python
s0md3v,regxy,15,8,0,8,Python
s0md3v,Shiva,47,24,2,14,Python
s0md3v,sqlmate,148,44,1,32,Python
s0md3v,Striker,882,184,6,124,Python
s0md3v,UltimateHackers.github.io,3,0,0,773,CSS
s0md3v,XSStrike,1411,305,4,215,Python
markstory,acl_extras,163,56,7,49,PHP
dnomak,dnomak.com,19,5,0,12940,Vue
dnomak,font-awesome-scss,119,3,0,641,null
dnomak,jsturk.github.com,2,0,0,9,HTML
dnomak,nuxt-starter-template,428,34,0,1580,Vue
dnomak,svg-turkiye-haritasi,262,84,0,168,HTML
kazupon,AcceleratedBell,6,1,1,147,Objective-C
awjuliani,3D-TSNE,47,12,1,21,C#
awjuliani,AI-blog,1,3,0,11,Python
awjuliani,awjuliani.github.io,3,1,0,35892,HTML
andreamazz,ABFRealmMapView,2,1,0,2282,Objective-C
andreamazz,AFHTTPRequestOperationManager-multipart,1,0,0,140,Objective-C
andreamazz,Alcatraz,1,0,0,8800,Objective-C
aantonop,bitaddress.org,1,1,0,488,null
aantonop,bitcoin,1,2,0,64709,C++
aantonop,Bitcoin-Address-Utility,1,1,0,5113,C#
decentralion,abalone,2,2,6,12839,Python
decentralion,abalone-engine,1,0,0,4736,TypeScript
magnars,.emacs.d,1209,197,2,2044,Emacs Lisp
GeekZooStudio,BeeFramework,34,36,0,13165,Objective-C
GeekZooStudio,ECMobile_Android,593,483,3,16730,Java
GeekZooStudio,ECMobile_iOS,941,546,8,47955,Objective-C
GeekZooStudio,ECMobile_PHP,222,213,2,794,PHP
GeekZooStudio,ECMobile_Universal,427,342,1,69091,Objective-C
GeekZooStudio,O2OMobile_Android,94,108,1,3931,Java
GeekZooStudio,O2OMobile_IOS,53,55,1,13702,Objective-C
GeekZooStudio,O2OMobile_PHP,82,86,2,5960,PHP
GeekZooStudio,O2OMobile_Universal,32,25,0,22186,null
philips,2016-LinuxCon-etcd-Next-Steps-with-the-Cornerstone-of-Distributed-Systems,4,0,0,5,Go
philips,2016-LinuxCon-EU-CoreOS-A-Tutorial-on-Hyperscale-Infrastructure,5,2,0,68,Go
philips,2016-LinuxCon-NA-CoreOS-A-Tutorial-on-Hyperscale-Infrastructure,13,0,0,73,Go
philips,2016-OSCON-containers-at-scale-with-Kubernetes,27,15,0,283,null
philips,2016-OSCON-etcd,4,4,0,2,Go
philips,accha-nam,1,1,0,318,JavaScript
philips,acl,2,1,0,764,C
ammeep,animal-party,3,2,0,478,CSS
ammeep,backbone-poller,1,0,0,293,JavaScript
michaelklishin,acits,8,1,0,157,Erlang
michaelklishin,adventures_with_ssl_talk,3,0,0,3512,null
webmozart,Addressbook-Sample,1,0,0,910,JavaScript
webmozart,AdminBundle,3,0,0,5182,PHP
webmozart,assert,3502,45,14,192,PHP
webmozart,asset,1,0,0,3,null
webmozart,assetic,1,0,0,2190,PHP
webmozart,AsseticBundle,1,0,0,721,PHP
webmozart,bootstrap-bundle,1,0,0,532,PHP
webmozart,carson-issue-butler,1,0,0,156,PHP
Gregg,01-CodeBreaker,1,1,0,81,null
Gregg,angular2_challenge_app,18,19,2,62,TypeScript
philwebb,artifactory-resource,1,0,1,355,Java
xmuSistone,android-character-animation,50,13,0,1584,Java
xmuSistone,android-slide-to-unlock,38,14,0,1832,Java
xmuSistone,android-snake-menu,553,81,0,5028,Java
xmuSistone,AndroidPileLayout,1639,201,12,16101,Java
xmuSistone,AnimRichEditor,880,191,1,2891,Java
xmuSistone,AutoWrapLayout,32,4,0,229,Java
xmuSistone,boringArticles,16,5,0,1919,null
xmuSistone,CardSlidePanel,2084,501,5,29898,Java
xmuSistone,DragRankSquare,987,182,0,14543,Java
xmuSistone,stickyViewpager,298,92,0,4413,Java
xmuSistone,VegaLayoutManager,1520,187,9,7253,Java
xmuSistone,VerticalSlideFragment,1503,313,0,2790,Java
xmuSistone,ViewpagerTransition,2383,412,1,30297,Java
zygmuntz,adversarial-validation,49,14,1,6,Python
zygmuntz,classifier-calibration,33,15,0,704,Python
zygmuntz,classifying-text,94,39,0,142,Python
macournoyer,bingo,2,0,0,163,JavaScript
macournoyer,cache_digests,1,1,0,115,Ruby
macournoyer,confoo,6,0,0,6729,Ruby
macournoyer,em-spec,3,1,0,93,Ruby
macournoyer,eventmachine,2,1,0,1750,Ruby
macournoyer,fast_output_buffer,22,2,0,144,C
macournoyer,faye,2,0,0,2182,JavaScript
macournoyer,gh-contest,2,0,0,4924,Ruby
macournoyer,html_ruby,1,1,0,121,Ruby
macournoyer,invisible,50,9,1,206,CSS
macournoyer,iolounge,2,1,0,80,null
macournoyer,is_taggable,3,1,0,99,Ruby
macournoyer,libuv,2,0,0,7715,C
macournoyer,llvmruby,8,0,0,611,Ruby
macournoyer,macournoyer.com,8,1,0,1070,CSS
macournoyer,macournoyer.github.com,3,0,0,80,null
macournoyer,meshu,3,0,0,9296,Ruby
macournoyer,min,94,10,0,1620,Java
macournoyer,mor7,3,0,0,7476,Ruby
macournoyer,mtlrb-jan12,4,1,0,2206,Ruby
macournoyer,mysql_s3_backup,22,6,0,79,Ruby
macournoyer,nanodb,15,4,0,1511,null
macournoyer,neuralconvo,713,325,24,91,Lua
macournoyer,nn.rb,20,3,1,5,Ruby
macournoyer,node-cusec,4,0,0,6972,JavaScript
macournoyer,node-syscalls,6,0,0,216,C++
macournoyer,orange,53,1,0,87,Ruby
macournoyer,peg,5,0,0,116,C
macournoyer,pong,1,1,0,401,JavaScript
macournoyer,preforker,2,0,0,84,Ruby
WuXiaolong,android-open-project,1,7,0,3210,null
WuXiaolong,AndroidInterview,1,0,0,786,null
WuXiaolong,AndroidMVPSample,701,235,6,178,Java
WuXiaolong,AndroidSamples,69,35,0,53688,Java
WuXiaolong,AndroidSdkSourceAnalysis,8,3,0,89,null
WuXiaolong,AndroidUtils,487,141,4,170,Java
qibaoguang,CodeGen,4,3,0,12,Java
qibaoguang,SimplePay,23,25,0,236,null
qibaoguang,Spring-Boot-Reference-Guide,3411,1624,2,1340,null
qibaoguang,SpringStudy,82,57,0,348,Java
qibaoguang,Study-Step-by-Step,396,180,1,375,null
happyfish100,cparser,6,1,0,24,C
thomaspark,applestorefronts,2,0,0,212,HTML
thomaspark,bootswatch,10351,2946,9,44507,JavaScript
thomaspark,cinnamon.js,164,25,1,106,HTML
thomaspark,crapcha,38,2,1,198,HTML
thomaspark,flexboxfroggy,2783,255,23,1983,JavaScript
thomaspark,fontcdn,95,11,6,5471,JavaScript
thomaspark,glyphsearch,375,65,15,37638,JavaScript
thomaspark,goggles.webmaker.org,1,1,0,3323,JavaScript
thomaspark,grid-by-example,1,0,0,18991,CSS
thomaspark,gridgarden,892,110,14,1462,JavaScript
thomaspark,makerstrap,1,0,0,356,JavaScript
thomaspark,nester,1,1,0,2468,JavaScript
thomaspark,openhtml,15,9,12,10524,PHP
thomaspark,pubcss,574,45,6,5105,CSS
thomaspark,rotary,28,4,0,40,JavaScript
thomaspark,scoper,54,11,2,21,JavaScript
thomaspark,snowball,73,17,23,4607,JavaScript
thomaspark,thimble.webmaker.org,1,0,0,15443,JavaScript
hmert,acikkaynak,1,1,0,135,null
honcheng,AcornCharts-for-iOS,112,14,0,2564,Objective-C
honcheng,appengine-image-host,2,0,0,149,Python
honcheng,AZColoredNavigationBar,2,0,0,135,Objective-C
honcheng,BCTabBarController,4,2,0,147,Objective-C
honcheng,bloggart,3,0,0,2046,Python
chenjiandongx,51job-spider,119,89,0,10548,Python
chenjiandongx,async-bili-spider,5,0,0,203,Python
chenjiandongx,async-proxy-pool,64,25,0,99,Python
nathansmith,16x16-times-table,4,0,0,252,null
nathansmith,960-Grid-System,3514,550,1,3637,CSS
nathansmith,adapt,849,132,9,302,CSS
shengxinjing,2life,1,1,0,122759,JavaScript
shengxinjing,30-seconds-of-code,2,1,0,288,JavaScript
martin-gorner,tensorflow-mnist-tutorial,1478,756,0,181,null
martin-gorner,tensorflow-rnn-shakespeare,441,215,9,2138,Python
martin-gorner,tensorflow-rnn-tutorial,26,6,0,8415,null
Akkariiin,fqrouter,4,0,0,5716,Java
Akkariiin,pubkey,3,4,0,11,null
Akkariiin,shadowsocksr-android,7,3,0,50622,null
Akkariiin,shadowsocksr-libev,2,0,0,5529,C
Akkariiin,sssniff,12,6,0,8,Python
fengli,alipay_python,591,230,8,130,Python
fengli,autocomplete-redis,197,43,1,160,Python
codingXiaxw,Android2048Game,6,3,0,93,Java
codingXiaxw,bookstore,1,0,0,0,null
codingXiaxw,Caculator,8,6,0,208,Java
codingXiaxw,CircleImageView,1,0,0,117,Java
codingXiaxw,codingXiaxw.github.io,14,9,0,12442,HTML
codingXiaxw,coolweather,5,2,0,111,Java
codingXiaxw,Crawler,11,14,1,37,Java
grp,amfi_interpose,49,14,0,30574,C
grp,Calendar,3,0,0,200,Objective-C
grp,checkprivate,9,1,0,120,Python
grp,CrappyLoader,8,0,0,96,Objective-C
grp,CustomScrollView,45,3,0,138,Objective-C
tidwall,algo,13,4,0,1,Go
tidwall,Avios,81,13,0,7395,Swift
tidwall,bbtree,3,1,0,15,Go
tidwall,bolt,1,0,0,1326,Go
yaoweibin,aho_corasick_state_machine,17,7,0,108,C
yaoweibin,captcha_server,29,14,0,562,Java
yaoweibin,chinese_text_filter,3,1,0,288,Ruby
hujiaweibujidao,30DaysofSwift,1,0,0,169625,Swift
goagent,goagent,646,828,0,124,null
saurik,ace,1,1,0,17424,JavaScript
saurik,ecma262,1,1,0,4344,HTML
saurik,libgit2,2,2,0,4529,C
saurik,mempodroid,128,34,3,126,C
saurik,mosh,8,0,0,2100,C++
saurik,node_redis,1,1,0,459,JavaScript
leafo,adapbdap,1,0,0,204,C
leafo,album-1,4,0,0,6952,null
leafo,album-2,1,0,0,480,null
leafo,album-3,1,0,0,56,null
leafo,aroma,193,18,7,1494,C
leafo,art,1,0,0,90828,null
orangeduck,BuildYourOwnLisp,1511,235,4,19137,HTML
orangeduck,Cello,3793,256,14,2780,C
orangeduck,Cello-Website,1,1,0,14836,JavaScript
orangeduck,Corange,788,103,2,204796,C
orangeduck,CPP_COMPLETE,175,8,0,57,C++
orangeduck,deep-motion-analysis,8,2,0,117,Python
orangeduck,imgcurses,64,7,2,13882,C
orangeduck,json2c,68,4,0,200,C
orangeduck,LuaAutoC,160,22,4,955,C
orangeduck,mpc,1412,170,3,541,C
orangeduck,numeric,23,2,1,2489,JavaScript
orangeduck,ptest,51,4,2,227,C
orangeduck,PyAutoC,53,4,0,9725,Python
orangeduck,PyMark,10,1,0,2596,C++
orangeduck,Python-xNormal,15,4,2,3452,Python
orangeduck,tgc,195,13,4,36924,C
chrisdone,ace,13,1,0,728,Haskell
nayuki,Bitcoin-Cryptography-Library,39,13,2,1546,C++
nayuki,BMP-IO,15,6,0,49,Java
nayuki,CSC258-computer-debugger,3,1,0,384,Java
nayuki,DEFLATE-library-Java,2,0,0,89,Java
nayuki,DWITE-programming-contest-solutions,6,8,0,14743,Java
nayuki,Fast-QR-Code-generator,8,1,0,48,Java
nayuki,FLAC-library-Java,15,8,0,335,Java
nayuki,Git-library-Java,4,1,0,158,Java
nayuki,JSON-library-Java,3,1,0,15,Java
nayuki,luckytoilet-project-euler-solutions,2,0,0,16,null
nayuki,MamIRC,8,2,0,1868,Java
nayuki,Native-hashes-for-Java,12,8,0,297,Java
nayuki,Nayuki-web-published-code,39,15,0,5800,Java
nayuki,NetPerSec,15,6,0,285,C++
nayuki,Pervasive-Displays-epaper-driver,2,0,0,121,C++
DrKLO,android-aac-enc,24,9,0,1352,Java
DrKLO,Telegram,9987,4030,361,131176,Java
chentsulin,a-collection-of-frontend-libs,2,0,0,4,null
Bunlong,activenavbar,4,1,1,229,Shell
dzenbot,awesome-ios,4,4,0,2695,Swift
mame,1234567890,7,0,0,4,Ruby
mame,8cc,1,0,0,1339,C
mame,ante,3,0,0,98,null
mame,case_class,4,0,0,96,Ruby
mame,concov,16,1,0,230,Ruby
mame,coverage-helpers,6,0,0,8,Ruby
spite,3dwebfest-2016,8,0,0,743,JavaScript
jed,140bytes,911,44,2,783,HTML
jed,20x20,3,0,0,116,JavaScript
jed,abevigoda,1,1,0,125,JavaScript
jed,abstract-stream-leveldown,5,3,0,11,JavaScript
jed,alReady.js,24,3,0,596,JavaScript
jed,authom,393,67,13,734,JavaScript
jed,autorequire,8,1,0,92,JavaScript
skeeto,.emacs.d,80,12,3,886,Emacs Lisp
skeeto,aesrng,2,2,0,90,C
skeeto,am-i-shadowbanned,35,7,2,9,JavaScript
kazuho,add_with_overflow,6,0,0,104,C++
kazuho,aobench.jsx,2,0,0,137,JavaScript
kazuho,App-FatPacker-Simple,1,0,0,119,Perl
kazuho,App-Restarter,7,0,0,76,null
wooorm,a-rel,1,0,0,23,JavaScript
wooorm,alex,2284,118,6,4835,JavaScript
wooorm,aria-attributes,11,2,0,28,JavaScript
wooorm,array-iterate,3,1,0,30,JavaScript
wooorm,atom-linter-alex,76,4,0,243,JavaScript
wooorm,atom-tap-test-runner,5,0,0,18,JavaScript
wooorm,atom-travis,4,0,0,3,Shell
wooorm,attach-ware,3,0,0,52,JavaScript
wooorm,bail,5,1,0,19,JavaScript
wooorm,bcp-47,11,3,0,51,JavaScript
yfgeek,AwesomeGithub,7,3,3,3513,Python
kallaway,100-days-kallaway-log,24,60,1,107,null
kallaway,100-days-of-code,2252,4322,57,182,null
trazyn,.vim,3,2,0,2574,Vim script
trazyn,AG2,1,0,0,22226,JavaScript
ShaoqingRen,Autoware,1,3,0,258855,C++
ShaoqingRen,caffe,99,54,0,35351,C++
nisrulz,android-examples,962,317,2,90365,Java
nisrulz,android-tips-tricks,3455,411,4,1190,Java
nisrulz,android-utils,107,36,2,492,Java
HotBitmapGG,-Api,7,6,0,11375,null
HotBitmapGG,Acg,12,1,1,6209,Java
HotBitmapGG,android-lifecycle,2,0,0,1548,null
HotBitmapGG,Android-Material-Examples,2,0,0,1194,Java
HotBitmapGG,android-open-source-project-cracking,5,3,0,31,null
HotBitmapGG,AndroidBang,8,7,0,41,null
HotBitmapGG,AndroidBucket,1,0,0,4272,Java
HotBitmapGG,AndroidCollectionResource,18,7,0,437,null
HotBitmapGG,AndroidDifficultAnalysis,5,1,0,57,null
HotBitmapGG,AndroidEveryDayPractice,27,10,0,269,Java
HotBitmapGG,AndroidInterview,96,38,1,795,null
HotBitmapGG,AndroidInterview-Q-A,1,0,0,1860,Java
HotBitmapGG,AndroidNote,5,2,0,3765,null
HotBitmapGG,AndroidProcess,2,3,0,11102,Java
HotBitmapGG,AndroidResources,2,0,0,171,null
HotBitmapGG,AndroidStandardDevelop,1,1,0,13,null
HotBitmapGG,AndroidUtilCode,6,7,0,1642,Java
HotBitmapGG,Android_100_TOP-Projects,8,4,0,213,null
HotBitmapGG,awesome-android-complete-reference,1,0,0,53,Java
HotBitmapGG,awesome-android-performance,2,1,0,31718,null
HotBitmapGG,awesome-android-tips,3,2,0,1346,null
HotBitmapGG,awesome-android-ui,2,1,0,814035,null
HotBitmapGG,awesome-github-android-ui,14,6,0,67,null
HotBitmapGG,awesome-weex,2,2,0,15,null
HotBitmapGG,bilibili-android-client,3616,1087,8,113163,Java
HotBitmapGG,bilibili-api,4,0,0,390,Java
HotBitmapGG,bmob-cloud-platform-demo,7,2,1,7643,Java
HotBitmapGG,CreditSesameRingView,1082,179,3,18994,Java
HotBitmapGG,DatabindingDemo,1,1,0,86,Java
HotBitmapGG,EasyRecyclerAdapterHelper,26,8,0,6194,Java
petrnohejl,Alfonz,67,14,0,744,Java
petrnohejl,Android-Cheatsheet-For-Graphic-Designers,269,61,8,34,HTML
petrnohejl,Android-Scripts,24,9,0,129,Shell
petrnohejl,Android-Stocks,53,31,1,344,Java
petrnohejl,Android-Templates-And-Utilities,1029,373,0,17412,Java
petrnohejl,Backup,2,1,0,128,Python
petrnohejl,Blog,1,0,0,18557,Python
petrnohejl,Darts,1,0,0,9424,C
petrnohejl,Date-Time-Picker,3,0,0,104,JavaScript
petrnohejl,DNS-Server,4,1,0,308,C++
petrnohejl,Expenses,6,1,0,10,Python
petrnohejl,Football-Cheater,1,0,0,488,Python
petrnohejl,FUT,1,1,0,3196,Java
petrnohejl,Geo-Navigator,1,0,0,4308,C#
petrnohejl,GPX-2-WPT,1,0,0,168,Python
petrnohejl,Java,5,0,0,18,null
petrnohejl,Jestrabot,1,0,0,96,Python
petrnohejl,KulKul,1,0,0,524,Java
petrnohejl,Levels,1,0,0,540,null
petrnohejl,Mas-na-to,1,0,0,348,C#
petrnohejl,Mimesis,1,0,0,3544,C
petrnohejl,MinimalXY,11,8,1,1179,CSS
petrnohejl,Napojovy-Automat,1,0,0,160,Java
petrnohejl,Non-Realistic-Video-Effects,4,1,0,644,C++
petrnohejl,Payment,1,0,0,124,Python
CymChad,BaseRecyclerViewAdapterHelper,13985,3015,25,61909,Java
CymChad,BRVAHST,361,71,0,5523,null
CymChad,CymChad.github.io,614,126,0,5066,CSS
danielgindi,AESCrypt-Android,1,0,0,180,Java
Screetsec,Brutal,395,134,2,21488,C++
Screetsec,BruteSploit,157,60,7,5331,Shell
Screetsec,Dracnmap,691,182,15,75,Shell
Screetsec,DracOS,24,13,2,15374,null
Screetsec,LALIN,259,126,5,4074,Shell
Screetsec,LAMAC,12,9,0,3,Shell
Screetsec,Lazext,10,6,0,4,Shell
Screetsec,Microsploit,330,87,3,18,Shell
Screetsec,Pateensy,73,45,3,29,Arduino
Screetsec,screetsec.github.io,2,1,0,10634,Shell
Screetsec,super-dracos,13,11,2,92,Shell
Screetsec,TheFatRat,1962,723,35,288575,Java
Screetsec,Vegile,193,47,2,34,Shell
Screetsec,Wordlist-Dracos,42,24,0,23738,null
liuchuo,a-little-spider,10,2,0,23,Python
liuchuo,Aha-Algorithms-practise,1,1,0,45,C++
liuchuo,Algorithm,2,2,0,2461,C++
liuchuo,Android-exercise,2,0,0,184,Java
liuchuo,Android-practice,1,0,0,155,Java
inconshreveable,axiom,23,6,0,8,Go
inconshreveable,cduplex,1,1,0,98,C
ihower,acts_as_state_pattern,6,1,0,87,Ruby
wingjay,ABot,1,1,0,17,Python
jadijadi,Accountant,1,0,0,1306,HTML
jadijadi,amiafeminist,7,10,0,1238,HTML
jadijadi,bestoon,201,62,11,5514,JavaScript
jadijadi,bikezenbook,12,7,2,3288,HTML
jadijadi,django-accounting,1,1,0,806,Python
jadijadi,ehdatech,4,4,0,2695,JavaScript
jadijadi,ejabberd,1,0,0,27120,Erlang
jadijadi,gittutorial,11,0,0,0,null
jadijadi,javabeforiyegoogleine.ir,1,0,0,15,HTML
jadijadi,jobs,4,0,0,245,JavaScript
jadijadi,justforfun,69,15,1,16911,HTML
jadijadi,linuxandlife,89,21,1,9137,CSS
jadijadi,linuxlearner,4,2,0,6072,CSS
jadijadi,lpic1book,54,18,1,483,Makefile
jadijadi,persianlettercount,1,1,0,244,Python
jadijadi,persianwords,8,2,0,9,null
jadijadi,pishshomare,52,30,3,2709,JavaScript
jadijadi,presentations,7,5,0,68201,JavaScript
jadijadi,prodigy,1,0,0,116,null
jadijadi,programming_class_cheats,10,3,0,307,Matlab
jadijadi,radiogeek,1,0,0,15,HTML
jadijadi,re-lmgtfy,15,7,1,873,JavaScript
jadijadi,slate,1,0,0,805,JavaScript
jadijadi,snowcrash,12,7,1,7521,HTML
jadijadi,techninjatheme,1,2,0,2416,PHP
jadijadi,timesh,2,0,11,14,null
jadijadi,titap_mystry,2,0,0,24,Roff
jadijadi,tmp,1,0,0,7251,null
jadijadi,todoer,25,13,1,2438,HTML
jadijadi,WhyCapitalismSucks,1,0,0,316,Objective-C++
JaviSoto,ActiveConfig-SampleNodeBackend,1,0,0,108,JavaScript
taviso,ctypes.sh,1142,52,15,829,C
taviso,dbusmap,55,13,1,26,C
mr-mig,am.channel,1,0,1,200,JavaScript
petkaantonov,apply-pr,38,3,4,157,JavaScript
petkaantonov,ArgumentsHook,2,0,0,100,JavaScript
watson,27mhz,4,0,0,7,JavaScript
watson,33c3,3,1,0,212,JavaScript
watson,34c3,14,2,1,384,JavaScript
blakeembrey,arity,14,2,1,12,JavaScript
blakeembrey,array-flatten,52,10,2,25,JavaScript
blakeembrey,async-middleware,35,0,3,25,TypeScript
blakeembrey,atom-alignment,9,1,7,26,CoffeeScript
blakeembrey,atom-dash,392,25,3,59,CoffeeScript
blakeembrey,authwith,3,0,0,169,TypeScript
nuysoft,8000,1,1,0,109258,JavaScript
kvfrans,2hu,1,0,0,1067,C#
surmon-china,angular-admin,241,78,1,29582,TypeScript
surmon-china,chrome-tmall-rate-thumb-extend,4,1,0,1234,JavaScript
surmon-china,coolcut,2,1,0,740,JavaScript
surmon-china,deploy,12,4,0,18,JavaScript
surmon-china,developer-code-guide,7,2,0,39,null
surmon-china,emoji-233333,13,6,0,123,HTML
whymirror,8cpj,4,1,1,198,JavaScript
whymirror,because,3,1,0,76,null
whymirror,blimlimb,4,1,0,134,Ruby
whymirror,bloopsaphone,24,0,0,190,C
whymirror,bumpspark,3,1,0,107,Ruby
whymirror,camping,10,2,0,1056,Ruby
whymirror,chirrup,2,0,0,284,Shell
whymirror,fakeplus,4,2,0,307,Ruby
whymirror,greg,13,4,0,124,C
whymirror,hacketyhack,20,3,0,5642,Ruby
whymirror,hobix,15,3,0,971,Ruby
whymirror,hoodwinkd,13,4,0,480,Ruby
whymirror,hpricot,134,13,0,1632,C
whymirror,markaby,13,4,0,619,Ruby
whymirror,metaid,9,1,0,122,Ruby
whymirror,mixico,4,1,0,139,Ruby
whymirror,mousehole,22,6,0,1668,Ruby
whymirror,parkplace,26,7,0,234,Ruby
whymirror,poignant-br,3,1,0,16772,Ruby
whymirror,poignant-guide,16,5,0,6500,null
whymirror,poignantguide,36,8,0,3563,Ruby
whymirror,potion,40,12,0,2337,C
whymirror,processor,2,0,0,128,JavaScript
whymirror,rb_parse_args,3,0,0,76,C
whymirror,redcloth,8,4,0,1748,Ruby
whymirror,required-security-for-tryruby,3,0,0,80,null
whymirror,sandbox,6,1,0,269,Ruby
whymirror,sheila,3,1,0,113,Ruby
whymirror,shoes,69,5,0,6297,C
whymirror,skistrap,3,0,0,80,C
malsup,blockui,1575,476,75,493,JavaScript
malsup,corner,549,116,31,328,JavaScript
malsup,cycle,1223,309,84,538,JavaScript
malsup,cycle2,902,234,544,1117,JavaScript
malsup,hotlinkr,2,1,0,97,JavaScript
malsup,hoverpulse,19,5,1,173,JavaScript
malsup,jq-conf08,4,0,0,88,JavaScript
malsup,jquery-mockjax,4,1,0,126,JavaScript
fordream,-DesignPatterns,1,1,0,180,C++
flyerhzm,activemerchant_patch_for_china,307,84,3,606,Ruby
flyerhzm,apis-bench,37,6,0,702,Ruby
flyerhzm,authlogic_renren_connect,4,1,1,97,Ruby
Jack-Cherish,Algorithm,13,12,0,23,C++
Jack-Cherish,C,1,1,0,8,C++
Jack-Cherish,Deep-Learning,43,16,0,21,Python
simonmar,ado,2,1,0,140,Haskell
simonmar,alex,132,55,19,650,Haskell
simonmar,async,192,49,9,114,Haskell
joewalnes,3d-printing,2,3,0,131,null
mercyblitz,blogs,61,19,0,31,null
mercyblitz,confucius-commons,74,26,0,229,Java
mercyblitz,dubbo,25,6,6,11301,Java
mercyblitz,dubbo-spring-cloud-project,2,2,0,6,null
mercyblitz,fastjson,1,3,0,10257,Java
plter,Adbrowser,3,0,0,13,Java
plter,AIRPlayer,1,0,0,144,ActionScript
BinaryMuse,21_card_trick,1,2,0,100,Ruby
BinaryMuse,350mission-webcam,3,2,0,3636,CoffeeScript
BinaryMuse,7XX-rfc,1,2,0,156,null
FlexMonkey,3D-Motion-Controller,63,15,2,23,Swift
FlexMonkey,3D-ReTouch,23,2,0,1052,Swift
FlexMonkey,AdvancedTouch,44,4,0,197,Swift
FlexMonkey,ArraySpeedTest,1,1,0,112,Swift
FlexMonkey,AudioKitNodality,53,12,0,20934,Swift
FlexMonkey,AudioSynthesis,44,6,0,19451,Swift
FlexMonkey,Blurable,857,62,5,63,Swift
FlexMonkey,Bokeh,12,1,0,1605,Swift
FlexMonkey,BristlePaint,6,1,0,31,Swift
FlexMonkey,CartoonEyes,127,25,1,402,Swift
FlexMonkey,Christmas-Tree-Bowling,11,2,0,59474,Swift
FlexMonkey,ChromaTouch,24,4,0,116,Swift
FlexMonkey,CIImage-UIImage-Orientation-Fix,15,2,0,12,Swift
FlexMonkey,ConvolutionExplorer,11,2,0,757,Swift
FlexMonkey,CoreImageCathodeRayTube,5,2,0,505,Swift
FlexMonkey,CoreImageConvolutionExplorer,19,3,1,825,Swift
FlexMonkey,CoreImageFluidDynamics,16,1,1,15,Swift
FlexMonkey,CoreImageForSwiftPlaygrounds,59,20,1,1138,Swift
FlexMonkey,CoreImageHelpers,52,5,3,17,Swift
FlexMonkey,CoreImagePerspectivePlayground,20,4,0,265,Swift
FlexMonkey,CoreImageReactionDiffusion,9,1,0,457,Swift
FlexMonkey,CoreImageReductionFilterExplorer,3,3,0,128,Swift
FlexMonkey,CoreImageTransitionExplorer,16,2,0,24,Swift
FlexMonkey,CoreImageVoronoi,4,1,0,1726,Swift
FlexMonkey,DeepPressGestureRecognizer,30,6,3,114,Swift
FlexMonkey,DepthOfFieldExplorer,20,5,0,8564,Swift
FlexMonkey,FilterChainingDemo,13,7,0,830,Swift
FlexMonkey,Filterpedia,1785,157,11,98411,Swift
claudiosanches,aprenda-como-criar-plugins-wordpress,7,4,0,108,PHP
claudiosanches,atom-preferences,2,0,0,5,CoffeeScript
claudiosanches,atom-woocommerce,2,0,0,473,null
claudiosanches,author-bio-box,11,7,4,301,PHP
claudiosanches,camptix,1,0,0,2519,PHP
hawx1993,2048,3,1,0,231,CSS
sonnylazuardi,21mobile,156,54,2,636,JavaScript
sonnylazuardi,24,3,1,0,658,CSS
toji,building-the-game,108,26,1,6262,JavaScript
toji,chrome-webvr-issues,54,12,1,2,null
toji,crocotile-webgl,7,5,0,75,JavaScript
nesquena,active_form,25,5,0,87,Ruby
nesquena,ajax_wizard_in_rails,3,0,0,324,JavaScript
eminetto,admin-crud-silex,1,1,0,236,JavaScript
eminetto,APIFromDocToDeploy,4,1,0,513,PHP
eminetto,AppScroll.js,1,0,0,687,CSS
eminetto,artigo-imasters-go-docker,1,1,0,3,Go
eminetto,asemanaphp,17,6,2,3996,HTML
eminetto,aws,2,0,0,1,null
eminetto,aws-developer-tools,3,0,0,2,Go
omz,AppSales-Mobile,1933,422,64,15154,Objective-C
omz,black-white,1,0,0,83,Python
omz,ColorSense-for-Xcode,2895,499,49,396,Objective-C
omz,Dash-Plugin-for-Xcode,1545,198,2,93,Objective-C
omz,gitx,10,3,0,6117,Objective-C
azu,---jp,2,0,0,140,JavaScript
azu,4-Code-Reading,1,0,0,248,JavaScript
sgolemon,2016-sfmeetup,9,0,0,4,C
sgolemon,archive-runkit,1,0,0,444,null
sgolemon,astkit,30,1,0,36,C
sgolemon,astview,6,0,0,124,C
sgolemon,async-process,1,0,1,5,Hack
sgolemon,codemania-extensions,2,1,0,120,C
sgolemon,decodekit,15,1,0,20,PHP
sgolemon,dson,6,0,0,112,C
mandatoryprogrammer,BARTHue,1,0,0,132,Python
mandatoryprogrammer,cloudflare_enum,284,90,6,7,Python
mandatoryprogrammer,CSP-Bypass,1,1,0,125,Python
mandatoryprogrammer,ctf_tools,7,0,0,132,Python
MaskRay,2016-09-24-cgc-defcon-ctf-presentation,10,1,0,34,TeX
MaskRay,99-problems-ocaml,7,1,0,104,OCaml
MaskRay,99-problems-ruby,1,0,0,100,Ruby
MaskRay,99-problems-rust,2,0,0,152,Rust
benanne,awesome-machine-learning,14,13,0,209,null
benanne,benanne.github.io,20,13,0,12244,CSS
vogella,android-completion-tools,2,1,0,108,null
vogella,android-emulator-skins,3,0,0,3222,null
vogella,android-jenkins,2,11,0,575,Java
VaughnVernon,ActorModel,32,9,0,454,Java
tavisrudd,analyze,1,0,0,147,Clojure
tavisrudd,awesome-pomodoro,1,0,0,92,Lua
bsspirit,ac,2,0,0,18684,PHP
DHowett,android-peace,4,0,0,156,Java
DHowett,avantgarde,3,0,0,31,Go
DHowett,beigelist,24,5,1,293,Objective-C
DHowett,cydelete,22,12,0,293,Logos
DHowett,debian-spl,1,0,0,4313,C
DHowett,debian-zfs,1,0,0,37412,C
aa65535,ChinaDNS,11,2,1,208,C
aa65535,chrome-extensions,1,4,0,96,JavaScript
materliu,.js,2,0,0,192,JavaScript
materliu,accessibility,2,2,0,5304,JavaScript
jamesgpearce,abode,1,0,1,0,null
surma,bikeshed-docker,1,0,0,4,null
tarcieri,.emacs.d,1,0,0,3951,Emacs Lisp
tarcieri,alternative-internet,3,1,0,84,null
AlanCheen,alancheen.github.io,1,0,0,25455,HTML
tiann,android-native-debug,59,12,2,219442,C++
tennisonchan,alarm-clock,1,0,0,36,JavaScript
coolwanglu,aalib.js,6,2,0,1096,C
coolwanglu,aaWebCam,6,2,0,404,C
coolwanglu,bb.js,4,1,0,3248,C
coolwanglu,BrowserHack,213,30,8,41010,C
coolwanglu,BubbleHellDuel,21,5,0,7244,JavaScript
blynkkk,android-texts,1,4,5,566,null
blynkkk,blynk-ide,3,1,0,22,JavaScript
blynkkk,blynk-library,1580,401,16,9318,C++
blynkkk,blynk-server,1006,355,31,28844,Java
blynkkk,blynk-sketch-generator,4,3,20,121,JavaScript
blynkkk,blynkkk.github.io,56,28,2,63971,JavaScript
ascoders,alipay,344,92,4,28,Go
wagerfield,aperture,2,0,0,0,null
wuchong,Algorithm-Interview,105,49,3,136,Python
dustinvtran,am205-fall-2014,1,1,0,20931,TeX
dustinvtran,approximateinference,34,11,0,356564,HTML
dustinvtran,bayesrl,30,9,5,19392,Python
tianzhijiexian,ActivityOptionsICS,586,134,10,5876,Java
puikinsh,Activello,110,136,3,7313,PHP
puikinsh,Adminator-admin-dashboard,1083,473,15,1674,HTML
puikinsh,blaskan,68,34,2,10039,PHP
fonnesbeck,AHRQ_Complex_Interventions,1,0,0,992,CSS
fonnesbeck,alfred-workflows,1,0,0,1691,AppleScript
lgvalle,AndEngine,1,1,0,8528,Java
lgvalle,android-architecture,4,2,0,7858,null
lgvalle,android-flux-todo-app,1247,223,5,41,Java
jrosebr1,bat-country,212,52,0,9354,Python
jrosebr1,color_transfer,151,65,1,3028,Python
jrosebr1,imutils,1243,297,25,7004,Python
stefanesser,BabyARM,4,0,0,48,null
stefanesser,bad-bad-apple,60,2,0,6,null
stefanesser,dumpdecrypted,1903,501,11,248,C
stefanesser,IDA-IOS-Toolkit,132,45,0,111,null
stefanesser,keypatch,1,0,0,3108,Python
stefanesser,MachOView,4,3,0,2389,null
stefanesser,mpress_dumper,1,3,0,1203,null
stefanesser,ndrv_setspec,2,0,0,48,null
stefanesser,opensource_taig,124,32,1,168,C
stefanesser,serialKDPproxy,22,14,1,90,C
stefanesser,spwndylib,13,5,0,1,Objective-C
stefanesser,twitter_giveaway_2016,6,1,0,2,Python
eisneim,afterEffects_scripts_em,1,0,0,132,JavaScript
eisneim,angular-ui-awesome,134,46,2,1815,CSS
eisneim,cactusjs,9,1,0,127,JavaScript
0x5e,0x5e.github.io,3,0,0,8384,HTML
music4kid,AirSandbox,439,54,3,17,Objective-C
music4kid,CDD,180,55,2,234,Objective-C
music4kid,Data-Driven-Architecture-Android,26,5,1,159,Java
music4kid,Data-Driven-Architecture-Swift,39,6,1,351,Swift
music4kid,EasyCode-Xcode,240,40,15,1324,Objective-C
music4kid,FastStub-Xcode,507,58,11,620,Objective-C
music4kid,PLeakSniffer,376,51,4,48,Objective-C
music4kid,PMainThreadWatcher,173,25,2,17,Objective-C
music4kid,PPDNSMapping,235,46,1,26,Objective-C
music4kid,TKeyboard,804,125,4,4060,Objective-C
mahmoud,ashes,41,9,9,424,Python
mahmoud,boltons,3194,182,34,1373,Python
FrozenGene,clang,1,0,0,310644,C++
FrozenGene,clang_trunk,2,0,0,123717,C++
FrozenGene,CMake,1,0,0,71326,C
FrozenGene,frozengene.github.io,8,0,0,1584,CSS
FrozenGene,LLVMPascalCompiler,130,36,0,71,C++
conradev,AMShortenURL,3,0,1,183,Objective-C
conradev,BlockTypeDescription,266,8,0,134,Objective-C
shaojiankui,35dir,5,0,0,1712,PHP
christiannwamba,-amazon-like-preview-app,5,4,0,1134,JavaScript
mattetti,acts_as_taggable_on_steroids,156,21,0,186,Ruby
vkarpov15,acquit,85,12,6,198,JavaScript
robrix,-,1,0,0,92,Objective-C
robrix,A-Swiftly-Tilting-Parser,19,0,0,10996,null
robrix,abstract-interpretation,14,0,1,503,Haskell
dvyukov,2015-talks,2,0,0,55502,null
SaraJo,Add-Blocker,8,2,0,346,JavaScript
BeyondVincent,31-Days-of-Windows-8,6,1,1,22287,null
trekhleb,angular-library-seed,163,84,18,1648,TypeScript
trekhleb,hello-docker,7,12,0,8,Python
trekhleb,javascript-algorithms,24100,2561,10,1793,JavaScript
trekhleb,promote-your-next-startup,66,2,0,93,null
jgamblin,44CONQuiz,2,3,0,2932,HTML
jgamblin,arethesebad,11,4,0,144,Python
jgamblin,AWSScripts,71,11,0,16,Shell
jgamblin,badactors,59,24,4,8,Python
jgamblin,btrecon,17,6,0,6343,Python
jgamblin,canyouhack,1,1,0,220,Python
jgamblin,censys,39,21,1,3153,Python
jgamblin,censysip-for-slack,3,1,0,4,PHP
jgamblin,compare,3,3,0,128,Python
BjarneStroustrup,Programming-_Principles_and_Practice_Using_Cpp,38,11,1,23544,C
jackychi,AddToInstapaper,17,12,0,97,Python
chinashiyu,gfw.press,1289,393,51,4567,Java
chinashiyu,gfw.press.android,60,42,2,194,Java
chinashiyu,gfw.press.c,67,70,9,12,C
chinashiyu,gfw.press.chat,54,27,0,187,Java
chinashiyu,gfw.press.ios,45,45,1,32,C
alloy,active_merchant,6,0,0,5395,Ruby
alloy,AFCache,1,0,0,5863,Objective-C
alloy,AFNetworking,2,0,0,1952,Objective-C
shidenggui,3WEEK3PAGES,1,1,0,11128,CSS
springmeyer,.vim,3,0,0,284,VimL
springmeyer,antigrain-geometry,9,3,0,2347,C++
Alibaba-Technology,Alibaba-Technology-Book-Series,21,6,0,131218,null
Alibaba-Technology,hangzhouYunQi2017ppt,4018,1645,11,1126632,null
brntbeer,active_shipping,1,0,0,692,Ruby
Miserlou,ableton-backup,2,0,0,1550207,null
Miserlou,ADGMaker,23,3,8,67,Smarty
Miserlou,aDose,3,0,0,3676,Java
jeffknupp,adserver,10,2,0,136,Go
jeffknupp,af,1,0,0,2,Go
jeffknupp,alchy,1,0,0,458,Python
jamis,amazing-desktops,10,0,0,680,C
jamis,artifex,5,1,0,505,CoffeeScript
jamis,buckblog,1,1,1,4455,HTML
jamis,bucketwise,473,87,8,1245,Ruby
jamis,bulk_insert,629,56,4,60,Ruby
jamis,castaway,302,3,0,6023,Ruby
jamis,celtic_knot,7,0,0,128,Ruby
jamis,chaussettes,8,0,0,12,Ruby
jamis,code_slide,10,0,0,682,Ruby
jamis,csmazes,226,19,1,69,CoffeeScript
lsmith77,airsonos,6,0,0,742,JavaScript
ssg,cinali,10,6,0,127,C#
linclark,2016-react-europe,4,0,0,164171,JavaScript
linclark,algorithms-101,65,5,3,220,JavaScript
linclark,angular-serializer,3,2,2,146,JavaScript
ty4z2008,api-blueprint,1,0,0,1454,null
wangding,admin,1,0,4,32,JavaScript
railstutorial,first_app,3,10,0,122,Ruby
railstutorial,heroku-buildpack-ruby-jekyll,3,1,0,4967,Ruby
railstutorial,octopress,1,1,0,2027,JavaScript
railstutorial,sample_app,461,585,0,624,Ruby
railstutorial,sample_app_2nd_ed,394,210,0,12154,Ruby
railstutorial,sample_app_rails_4,485,516,1,452,JavaScript
railstutorial,spork-rails,1,1,0,83,Ruby
dbader,alfred-countdown-timer,127,21,10,330,Python
dbader,apidoc-example,3,4,0,222,Python
carllerche,.emacs.d,7,4,0,3999,Emacs Lisp
carllerche,astaire,11,0,0,320,Rust
carllerche,astaire-old,161,5,7,168,Ruby
carllerche,automata,5,0,0,100,Clojure
carllerche,automaton,14,2,4,1078,Rust
carllerche,aws-tools,1,0,0,108,Ruby
carllerche,better-future,14,0,0,596,Rust
carllerche,buffoon,3,0,1,34,Rust
carllerche,bytes,206,56,30,5174,Rust
carllerche,bytes-more,3,1,0,16,Rust
carllerche,codegen,14,5,4,583,Rust
hdm,2017-BSidesLV-Modern-Recon,35,3,0,1365,null
hdm,axman,25,16,0,177,JavaScript
matryer,anno,41,4,2,19,Go
matryer,articles,20,6,0,574,Go
matryer,awesome-go,5,1,0,3742,Go
mcxtzhang,all-base-adapter,454,87,4,25995,Java
mcxtzhang,aly-rn,1,0,0,252,JavaScript
mcxtzhang,android-architecture,1,0,0,7299,null
mcxtzhang,android-Ultra-Pull-To-Refresh,1,1,0,3355,Java
mcxtzhang,AndroidSdkSourceAnalysis,5,3,0,267,null
mcxtzhang,AnimShopButton,1078,165,9,5045,Java
mcxtzhang,ASimpleCache,1,1,0,719,Java
mcxtzhang,BGARefreshLayout-Android,2,2,0,22426,Java
mcxtzhang,ByeBurger,6,0,0,7637,Java
mcxtzhang,csdn-retrofit,7,3,1,144,Java
mcxtzhang,DataBindingUtils,8,0,0,99,Java
mcxtzhang,Demos,122,74,1,40840,Java
mcxtzhang,DownloadManager,1,1,0,1246,Java
mcxtzhang,git,1,0,0,107746,C
mcxtzhang,gradle-plugins,5,0,0,38,Groovy
mcxtzhang,groovy-demo,1,0,0,298,Groovy
mcxtzhang,javapoet,1,0,0,1527,Java
mcxtzhang,miser-utils,1,1,0,87,Java
mcxtzhang,ModularizationDemo,4,0,0,145,Java
mcxtzhang,mvp-code-creator,1,0,0,236,Java
mcxtzhang,NestFullListView,222,45,3,110,Java
mcxtzhang,Particle,1,1,0,1722,Java
mcxtzhang,PathAnimView,877,148,4,1177,Java
mcxtzhang,python-playground,1,0,0,146,Python
mcxtzhang,qq-tribe-rule,1,0,0,155,null
mcxtzhang,react-demos,2,1,0,1240,JavaScript
mcxtzhang,react-native-demo,3,0,0,441,JavaScript
mcxtzhang,ReactNative-LiveTemplate,1,0,0,76,null
mcxtzhang,SupportDemos,360,52,4,902,Java
mcxtzhang,SuspensionIndexBar,1112,239,45,11055,Java
verekia,basicss,1,0,1,220,null
verekia,codakit,1,3,0,279,JavaScript
verekia,data-to-md,1,0,0,6,JavaScript
verekia,dev-provisioning,3,2,0,42,Shell
verekia,hackarena,2,1,0,63632,JavaScript
typcn,163music-mac-client-unlock,304,51,3,70,Objective-C
jckarter,ack,3,1,0,1869,Perl
jckarter,BattleMints,4,0,0,2131,C++
jckarter,CalTalk,3,1,0,1704,Objective-C
jckarter,cat-psychiatrist,2,0,0,100,JavaScript
jckarter,ch4-flag,18,6,0,709,C
jckarter,ch5-flag,7,1,0,650,C
jckarter,clang,1,0,0,47895,C++
jckarter,clay,357,35,61,35243,C++
jckarter,clay-lua,1,0,0,432,C
jckarter,clay-sqlite,1,0,0,104,C
jckarter,dgen-sdl,4,3,0,419,C
jckarter,durians,5,0,0,228,C++
jckarter,Footsie,4,0,0,1240,Objective-C
jckarter,graphs.js,2,0,0,108,JavaScript
jckarter,hello-gl,89,36,0,122,C
jckarter,hello-gl-ch3,16,6,0,77,C
jckarter,jckarter.github.io,1,0,0,6228,HTML
ericholscher,2014.cascadiajs.com,1,0,0,8515,null
Lucifier129,Agent,6,0,0,352,JavaScript
taizilongxu,amazon_ebook_price,1,0,0,24,Python
dthree,ad,352,27,12,35,JavaScript
dthree,addict,1473,62,14,46,JavaScript
dthree,cash,7528,213,36,363,JavaScript
dthree,mailit,2060,96,13,30,JavaScript
dthree,vantage,3428,111,16,577,JavaScript
dthree,vorpal,4682,208,116,972,JavaScript
dthree,wat,399,21,17,783,JavaScript
lightSky,android-auto-scroll-view-pager,3,1,0,745,Java
lightSky,android-open-project,20,12,0,1204,null
lightSky,android-open-project-analysis,4,4,0,2706,JavaScript
lightSky,android-open-project-demo,2,1,0,9414,Java
lightSky,Awesome-MaterialDesign,5561,1540,12,76176,null
lightSky,Common-Utils,13,9,0,1764,Java
lightSky,CommonCustomeView,2,2,0,1740,Java
andrewrk,andrewkelley.me,6,2,8,287,HTML
andrewrk,archerbot,3,0,0,160,JavaScript
andrewrk,autoattack,1,1,0,15424,ActionScript
jeffheaton,aifh,653,281,11,5896,Java
jeffheaton,article-code,4,4,0,1,Python
foru17,alfred-lookupdomainip,18,7,1,174,PHP
foru17,chinese-s2t,12,2,0,24,JavaScript
luyishisi,Anti-Anti-Spider,3617,1312,19,150210,HTML
luyishisi,awesome-nlp,1,0,0,91,null
luyishisi,chrome-plug-in,4,2,0,152,JavaScript
luyishisi,fizzCaptcha,1,1,0,20302,Python
luyishisi,hdu-acm-code,2,1,0,220,C++
luyishisi,IP_location_wordpress,6,9,0,604,HTML
imathis,adn-timeline,15,7,1,317,JavaScript
turicas,activemq-monitor,1,0,0,11616,Java
stuarthalloway,agile-retros,2,0,0,3596,null
stuarthalloway,aleph,2,1,0,149,Clojure
stuarthalloway,amazon-bill-guesser,7,0,0,9,Clojure
stuarthalloway,argos,9,2,0,89,null
stuarthalloway,bad-ruby,4,0,0,16160,Ruby
stuarthalloway,builder,2,1,0,175,Ruby
stuarthalloway,cbweb,1,0,0,92,Clojure
stuarthalloway,chronic,2,1,0,188,Ruby
stuarthalloway,circumspec,74,6,1,9168,Clojure
jlevy,atom-flowmark,3,0,10,957,JavaScript
jlevy,awesome-github,3,4,0,97,null
jlevy,awesome-github-1,7,1,0,88,null
szagoruyko,attention-transfer,621,126,7,440,Jupyter Notebook
szagoruyko,cifar.torch,154,78,12,22,Lua
sallar,about,18,0,0,18,null
crazybob,3D,7,2,0,30412,Pascal
crazybob,bake,3,0,2,34452,Java
akarnokd,advance-flow-engine,1,0,0,160077,Java
akarnokd,agera,1,1,0,609,Java
akarnokd,AgeraTest2,21,1,0,101,Java
akarnokd,akarnokd-misc,22,5,4,1176,Java
happynear,AdversarialNetsPapers,2,3,0,39,null
happynear,AMSoftmax,208,58,3,1084,Matlab
happynear,caffe,1,0,0,42287,C++
happynear,caffe-windows,1060,573,112,39960,C++
happynear,caffe-windows-dependencies,7,10,0,14690,C++
happynear,Caffe_Matlab_GAN,4,7,0,8,Matlab
pranavlathigara,100DaysOfSwift,1,0,0,40349,Swift
pranavlathigara,15DaysofAnimationsinSwift,1,0,0,89319,Swift
endymuhardin,absensi-openshift,1,1,0,212,HTML
Neo23x0,agile-hacking,5,4,0,2,Visual Basic
Neo23x0,alert_manager,2,2,0,2250,JavaScript
mmcgrana,adder,26,8,2,98,Clojure
Linux-Player,Facebook_Spam_Bot,12,4,0,0,JavaScript
Linux-Player,InstaBot,3,2,3,1,Python
xPaw,adventofcode-solutions,14,6,0,347,JavaScript
xPaw,AMXX-Gag,7,8,0,65,SourcePawn
maxzhang,carousel-widget,4,2,0,600,JavaScript
maxzhang,css-base64-images,1,0,0,1633,JavaScript
imraazrally,Automotive-WorkOrder-Processing-System,3,0,0,7235,Java
neuecc,AnonymousComparer,2,0,0,3,C#
neuecc,AsyncOAuth,96,40,14,1126,C#
neuecc,ChainingAssertion,32,2,2,5185,C#
neuecc,ChatworkExporter,1,0,0,14,C#
neuecc,CloudStructures,66,22,10,1159,C#
neuecc,dapper-dot-net,1,0,0,45846,C#
neuecc,DatadogSharp,24,3,4,2781,C#
ivanseidel,3DLiveView-ABB,5,2,0,1832,C++
ivanseidel,ABBNator,13,6,0,10,JavaScript
ivanseidel,Adafruit-BMP085-Library,1,0,0,100,C++
ivanseidel,ArdUI,12,1,0,252,C++
ivanseidel,Arduino,1,0,0,92,C
Unitech,.emacs.d,13,6,2,7344,Emacs Lisp
amix,autojump,18,6,0,184,Shell
nekocode,android-parcelable-intellij-plugin-kotlin,266,14,8,226,Java
nekocode,Badge,784,93,4,984,Java
nekocode,Bangcle-Crypto-Wrapper,2,1,0,314,Java
mossmann,2017,1,3,0,206107,Python
mossmann,blinkenface,1,2,0,211,Python
mossmann,cc11xx,59,21,0,1335,KiCad
mossmann,clock-recovery,51,14,1,16,Python
mossmann,csdr,1,1,0,228,C
mossmann,daisho,178,49,1,20185,Eagle
mossmann,fireflycap,24,1,0,577,C
mossmann,gnuradio,1,5,0,41047,C++
mossmann,GreatFET-experimental,1,0,0,290,C
mossmann,hackrf,2215,676,85,35365,C
mossmann,im-me,70,31,0,89,C++
mossmann,kicad-bom-scripts,6,4,1,18,Python
mossmann,libopencm3,22,11,1,3611,C
mossmann,pseudo-doppler,12,2,1,8,null
mossmann,qspectrumanalyzer,13,6,0,1192,Python
mossmann,retroreflectors,62,11,1,110,KiCad
mossmann,rgbtuner,1,1,0,176,null
mossmann,rtl-sdr-misc,11,3,1,221,C
mossmann,stealthlock,12,4,0,144,Python
mossmann,unambiguous-encapsulation,8,7,0,636,Verilog
fxn,acme-pythonic,2,0,0,156,Perl
griesemer,2016-talks,4,2,0,106523,JavaScript
griesemer,dotGo2016,16,3,0,126410,Go
griesemer,ivy,3,1,0,399,Go
griesemer,proposal,3,1,0,63,null
filipedeschamps,angular-browserify,1,0,0,744,CSS
filipedeschamps,Angular-Motto,1,0,0,76,null
garrynewman,bootil,51,21,6,6526,C
klinker24,Android-3DTouch-PeekView,489,65,0,3819,Java
klinker24,Android-BadgedImageView,83,17,0,923,Java
klinker24,Android-Blur-Launcher,110,55,15,166603,Java
klinker24,android-chat,9,8,0,347,Java
klinker24,Android-DragDismissActivity,593,41,2,10910,Java
klinker24,Android-EnlargedNumbers-Spannable,2,0,0,265,Java
klinker24,Android-FloatingTutorialActivity,272,34,1,8858,Kotlin
klinker24,Android-GiphySearch,37,7,2,469,Java
klinker24,Android-SimpleVideoView,28,14,2,332,Java
klinker24,Android-SlidingEmojiKeyboard,268,59,5,16471,Java
klinker24,Android-SlidingMessaging,24,4,0,302407,Java
klinker24,Android-TextView-LinkBuilder,1344,187,4,542,Kotlin
ko1,allocation_tracer,373,14,2,198,C
motianhuo,android-dev-cn,3,4,0,327,null
motianhuo,android-open-project,25,21,0,3500,null
JerryLead,BenchmarkScripts,1,7,0,23578,Java
kousen,AdvancedGroovy,62,29,0,160,Groovy
kousen,Advanced_Java,31,34,0,87,Java
garyburd,go-explorer,2,0,3,49,Go
garyburd,go-oauth,1,0,0,119,Go
garyburd,lua-client,8,1,2,20,Lua
garyburd,neols,6,0,0,18,Lua
phoenixlzx,1password2pass,12,6,2,8,JavaScript
phoenixlzx,autodkms,3,0,0,176,Shell
andrewsmedina,1000-filmes-para-ver-antes-de-morrer,1,0,0,0,null
andrewsmedina,8080zito,1,0,0,14,Go
QuarkChain,crowdsale-whitelist,16,58,1,475,Python
justintadlock,abc,26,3,19,1330,PHP
justintadlock,admin-themes,37,10,0,98,PHP
justintadlock,avatars-meta-box,6,1,0,486,PHP
justintadlock,breadcrumb-trail,96,33,9,301,PHP
justintadlock,butterbean,194,26,21,236,PHP
justintadlock,butterbean-example,12,4,1,33,PHP
justintadlock,butterbean-lesson-1,1,1,1,16,PHP
justintadlock,chun,2,1,2,1808,PHP
justintadlock,clean-my-archives,16,7,3,81,PHP
justintadlock,cleaner-gallery,22,9,10,717,PHP
justintadlock,comments-user-column,3,1,0,236,PHP
justintadlock,content-type-standards,296,27,18,425,PHP
justintadlock,cpt-generator,1,2,0,6,PHP
justintadlock,custom-background-extended,8,4,1,680,null
justintadlock,custom-classes,4,2,2,49,PHP
justintadlock,custom-content-portfolio,98,21,2,1786,PHP
justintadlock,custom-header-extended,16,11,2,357,PHP
justintadlock,customizer-typography,81,13,3,220,PHP
justintadlock,dancing-in-the-moonlight,1,0,0,275,CSS
justintadlock,disable-post-format-ui,3,2,0,128,PHP
justintadlock,entry-views,18,6,6,156,PHP
justintadlock,extant,10,4,0,1524,PHP
justintadlock,get-the-image,92,18,7,402,PHP
justintadlock,grid-columns,101,31,4,196,PHP
justintadlock,gutenberg-tests,1,0,0,3,JavaScript
justintadlock,hybrid,14,5,1,489,PHP
justintadlock,hybrid-base,159,90,8,113,PHP
justintadlock,hybrid-core,585,149,16,3049,PHP
justintadlock,hybrid-tabs,3,6,1,143,PHP
giggio,agilebrazil2011bdd,1,0,0,30932,C#
CatChen,biz-to-me,2,0,0,120,JavaScript
CatChen,catchen.github.com,1,0,0,96,null
CatChen,CompeteJS,1,0,0,268,null
CatChen,countdownjs,1,0,0,92,null
CatChen,cross-origin-error-test,1,0,0,108,JavaScript
CatChen,css-sort,1,0,0,96,JavaScript
CatChen,developer-documents,1,0,0,1880,JavaScript
CatChen,fisheye-cafe,1,0,0,156,JavaScript
CatChen,flex-input-box,2,0,0,92,JavaScript
kornelski,7z,96,20,0,4984,C++
renzifeng,BAButton,3,0,0,1319,Objective-C
renzifeng,FMDB,4,1,0,180,Objective-C
renzifeng,RAC_Networking,3,1,0,564,Objective-C
renzifeng,RAC_Test,1,0,0,408,Objective-C
renzifeng,renzifeng,1,0,0,8570,null
renzifeng,renzifeng.github.io,1,1,0,2565,HTML
renzifeng,Swift-Study,7,4,0,160,null
renzifeng,WXPay,77,25,3,2656,Objective-C
renzifeng,ZFButton,3,1,0,148,Objective-C
renzifeng,ZFDownload,290,81,22,237,Objective-C
renzifeng,ZFExcelChart,38,11,1,96,Objective-C
renzifeng,ZFLoading,15,3,0,257,Objective-C
renzifeng,ZFLoadingView,2,0,0,15,Objective-C
renzifeng,ZFMenuView,4,1,0,184,Objective-C
renzifeng,ZFNavi,5,1,0,1236,Objective-C
renzifeng,ZFNavigationController,30,8,3,312,Objective-C
renzifeng,ZFOrentationObserver,11,0,0,38,Objective-C
renzifeng,ZFPhoneTransition,35,12,1,5526,Objective-C
renzifeng,ZFPlayer,4512,1068,316,140404,Objective-C
renzifeng,ZFSetting,164,46,2,432,Objective-C
renzifeng,ZFTabBar,116,26,4,198,Objective-C
renzifeng,ZFTableViewCell,22,10,1,220,Objective-C
renzifeng,ZFTimer,4,1,0,925,Objective-C
renzifeng,ZFZhiHuDaily,228,55,2,25604,Objective-C
sachac,.emacs.d,213,42,0,7667,HTML
dtinth,.bashrc,1,1,0,180,Shell
dtinth,.vimrc,14,9,0,34,VimL
Prinzhorn,0,12,3,0,128,JavaScript
Slava,.spacemacs,6,5,0,11,Emacs Lisp
tjfontaine,airprint-generate,255,92,11,274,Python
tjfontaine,chrome-nodeci,1,0,0,176,JavaScript
tjfontaine,connect-fs,1,0,0,91,JavaScript
alexyoung,alexyoung.github.com,1,0,0,72,null
alexyoung,alexyoung.org,4,1,0,14250,HTML
ayushoriginal,Consensus-Based-Summarizer,96,12,0,2530,C++
ayushoriginal,Cool-Item-Cataloger,3,0,0,86,Python
abo-abo,abel,3,1,0,176,Emacs Lisp
abo-abo,abo-abo.github.io,2,1,0,32330,HTML
vsouza,.com,2,1,0,362,JavaScript
vsouza,.vimrc,18,6,0,27,Vim script
vsouza,30DaysofSwift,1,2,0,167636,Objective-C
jondot,10bisbar,10,4,4,198,Go
jondot,5-min-ico,1,2,0,55,Perl 6
jondot,acl9,1,1,0,174,Ruby
jondot,actionpacknet,1,0,0,116,C#
jondot,acts_as_recommendable,1,0,0,171,Ruby
jondot,Albacore,1,1,0,21870,Ruby
jondot,albathor,4,1,0,113,Ruby
jondot,apophis,1,0,0,8,Ruby
jondot,appium-solo,4,2,1,8,JavaScript
jondot,armor,7,2,0,13780,Go
jondot,arper,3,2,0,1068,Go
jondot,awesome,1,1,0,127,null
jondot,awesome-aha,58,5,0,20,null
jondot,awesome-beginners,18,5,1,8,null
jondot,awesome-colorschemes,1,1,0,124,null
jondot,awesome-cpp,1,1,0,816,null
jondot,awesome-devenv,1160,92,5,93,null
jondot,awesome-go,2,1,0,125,null
ajtulloch,admmlrspark,29,8,0,168,Scala
ajtulloch,adpredictor,73,30,1,138,Python
ajtulloch,ajtulloch.github.com,1,0,0,17232,JavaScript
ajtulloch,boggle,4,0,0,176,Haskell
alexgarrett,alexgarrett,6,5,1,238,CSS
alexgarrett,cashier,3,3,0,45852,PHP
jinfagang,alfred,19,3,0,34,Python
3gstudent,3gstudent.github.io,28,16,0,9114,CSS
3gstudent,3gstudent.github.io.backup,1,1,0,15457,CSS
3gstudent,Add-Dll-Exports,6,8,0,14796,C
3gstudent,AppInitGlobalHooks-Mimikatz,1,6,0,139,C
3gstudent,AutoIt-Keylogger,22,24,0,107,AutoIt
chrisdickinson,2013.cascadiajs.com,1,0,0,21229,null
chrisdickinson,a-wild-version-appears,8,0,0,116,JavaScript
chrisdickinson,aabb-2d,21,1,0,99,JavaScript
chrisdickinson,aabb-3d,17,7,1,8,JavaScript
pippinsplugins,ab-press-optimizer,2,0,0,703,PHP
xhacker,2048-Mac,2,0,0,644,CSS
jnicklas,acts-as-list,1,1,0,81,Ruby
jnicklas,acts_as_xapian,2,0,0,110,Ruby
jnicklas,advanced_capybara,5,2,0,1625,Ruby
jnicklas,akephalos,1,0,0,29767,Ruby
jnicklas,bistro_car,105,12,1,181,Ruby
gajus,aci,3,0,0,24,JavaScript
mgonto,a-comerla,1,0,0,208,null
jph00,AmazingTodo,24,20,0,9151,JavaScript
jph00,AngularTutorial,5,5,0,8985,JavaScript
econchick,api-workshop,2,2,0,1855,Python
Cee,100-CSS-tricks-in-100-days,5,1,0,60,null
defnull,anmeldung,1,0,0,488,Ruby
Carson-Ho,AlgorithmLearning,13,1,0,383,Java
Carson-Ho,AndroidLearning,23,4,1,790,Java
Carson-Ho,AndroidLearningMaterial,2,0,0,127,Java
Carson-Ho,Android_Banner,6,3,0,94,Java
sjchoi86,advanced-tensorflow,290,104,3,58445,Jupyter Notebook
sjchoi86,bayes-nn,218,59,0,23107,null
ccgus,AcornRaindrop,1,0,0,95,Objective-C
ccgus,AcornSDK,59,3,0,6313,Objective-C
ccgus,CocoaScript,503,38,19,2087,Objective-C
ccgus,doughcalc,2,1,1,216,HTML
ccgus,EGOTextView,6,2,0,302,Objective-C
learnbyexample,Command-line-text-processing,7358,420,6,716,Shell
learnbyexample,command_help,22,2,0,17,Shell
learnbyexample,curated_resources,54,16,0,41,null
learnbyexample,Linux_command_line,201,40,0,142,null
learnbyexample,Perl_intro,12,0,0,82,Perl
learnbyexample,Python_Basics,255,65,0,139,Python
learnbyexample,Ruby_Scripting,9,0,0,180,Ruby
learnbyexample,scripting_course,420,67,0,1328,Vim script
learnbyexample,squaretictactoe,5,2,0,500,Java
fqrouter,conntrack-tools,4,0,0,1456,C
Whirlwind,CheckCategoryConflict,4,0,0,100,Ruby
ddollar,ack.vim,2,0,0,98,VimL
ddollar,active-record-enumerable,8,0,0,80,Ruby
ddollar,acts_as_traceable,2,0,0,84,Ruby
ddollar,albino,4,0,0,136,Ruby
ddollar,alfred-pkgman-workflow,2,1,0,9914,PHP
ddollar,allocator,2,1,0,748,CoffeeScript
ddollar,anvil,69,19,0,1019,CoffeeScript
ddollar,anvil-cli,45,8,0,271,Ruby
ddollar,apidoc,6,1,0,123,Ruby
ddollar,app-state,3,0,0,562,CoffeeScript
ddollar,appirater,1,1,0,92,Objective-C
ddollar,armory,1,2,0,80,Ruby
ddollar,asi-http-request,1,1,0,3950,Objective-C
ddollar,asset-resource,14,4,0,229,Ruby
ddollar,aws,2,0,0,118,Go
ddollar,aws-sdb,5,1,0,85,null
ddollar,balancer,7,1,0,5598,Shell
ddollar,bash-utils,1,0,0,84,null
ddollar,blanker,1,0,0,80,Objective-C
ddollar,bluetooth-aware,2,0,0,88,C
ddollar,bootstrap,1,0,0,76,null
ddollar,buckshot,2,0,0,104,Ruby
ddollar,buildpack-test,6,5,0,98,Shell
ddollar,bundle-builder,2,0,0,736,CoffeeScript
ddollar,bundler,1,1,0,6496,Ruby
ddollar,bundler-bug,1,0,0,96,null
ddollar,canvas-cli,1,0,0,306,Go
ddollar,cardserver,1,0,0,76,null
ddollar,clink,1,1,0,100,Ruby
ddollar,clio,2,1,0,272,JavaScript
jtauber,a2disk,6,1,0,208,Python
jtauber,applepy,89,10,2,293,Python
jtauber,articles,3,2,0,143,HTML
stephenplusplus,-.-,1,0,6,112,JavaScript
toastdriven,alligator,20,3,0,390,Python
eligrey,AndroidAssetStudio,1,0,0,5615,JavaScript
eligrey,async-document-write,53,13,1,20,JavaScript
eligrey,async.js,33,3,1,29,JavaScript
eligrey,attrs,4,0,0,128,JavaScript
dunglas,admin,1,0,0,400,JavaScript
GuangchuangYu,badger,9,5,0,19,R
GuangchuangYu,base2grob,8,0,0,499,Makefile
denysdovhan,awesome-electron,1,0,0,412,null
denysdovhan,awesome-nodeschool,3,1,1,7,null
outsideris,.vim,4,2,1,28239,Vim script
allwefantasy,active_orm,21,12,0,13991,Java
allwefantasy,ansj_seg,2,1,0,221862,Java
MartianZ,Delphi-Projects,2,0,0,21332,Pascal
MartianZ,DynamicLyrics,427,113,27,2289,Objective-C
MartianZ,fakeThunder,832,172,14,14195,Objective-C
MartianZ,MartianZ-BLOG,43,25,1,856,CSS
ogaclejapan,android-code-styles,82,19,0,12,Shell
ogaclejapan,android-open-project,7,5,0,1689,null
philipperemy,advanced-deep-learning-keras,17,8,0,55113,Jupyter Notebook
philipperemy,amazon-reviews-scraper,17,5,3,721,Python
philipperemy,API-Ratp,4,2,0,924,null
philipperemy,bitcoin-market-data,7,1,0,2952427,Shell
philipperemy,bitstamp-realtime-order-book,3,1,1,22,Python
philipperemy,Candlestick-Chart-Generator,6,2,0,505,JavaScript
philipperemy,chinese-code-characters-GB2132,2,0,0,64,Python
philipperemy,cocktails,6,0,0,6326,Python
philipperemy,cv,1,1,0,8,TeX
philipperemy,Data-Mining-Automaton,8,1,0,7328,Java
philipperemy,deep-learning-bitcoin,305,72,7,535,Python
philipperemy,Deep-Learning-Tinder,146,30,0,19,Python
philipperemy,deep-speaker,121,38,5,79859,Python
philipperemy,digital-setting-circles,5,1,0,156,C++
philipperemy,easy-encryption,7,4,0,31,C++
philipperemy,expressvpn-python,15,6,0,9176,Python
philipperemy,Facebook-Profile-Pictures-Downloader,11,6,0,46,Python
philipperemy,financial-news-dataset,91,40,1,166825,null
philipperemy,FX-1-Minute-Data,39,20,0,1879615,Python
philipperemy,Github-full-data-set,3,2,0,290689,Python
philipperemy,google-news-scraper,19,7,0,41,Python
philipperemy,GPU-Activity-Monitoring,4,1,0,2,Python
philipperemy,HFT-FIX-Parser,6,0,0,172,null
philipperemy,Idealwine-API,4,0,0,41760,Java
philipperemy,information-extraction-with-dominating-rules,3,0,1,137494,Python
philipperemy,instant-music-playlist-downloader,6,2,1,952,Python
philipperemy,japanese-sentences-to-vectors,3,1,0,3,Python
philipperemy,japanese-street-addresses-scraper,2,1,0,7358,Python
philipperemy,japanese-words-to-vectors,15,7,0,334,Python
philipperemy,Kaggle-PKDD-Taxi-I,3,0,0,732,Python
sublimehq,anim_encoder,1386,155,17,1135,Python
sublimehq,Packages,2694,382,213,7222,Python
sublimehq,Vintage,510,77,89,290,Python
relatedcode,Messenger,3065,748,2,3945,Objective-C
relatedcode,ParseAlternatives,2662,295,145,331,null
relatedcode,ProgressHUD,1122,214,7,165,Objective-C
relatedcode,RCAudioPlayer,3,2,0,5,Objective-C
relatedcode,RCMessageKit,142,35,4,126,Objective-C
relatedcode,RealtimeChat,1163,314,1,3936,Objective-C
zhuowei,2048,1,0,0,443,CSS
zhuowei,7XX-rfc,2,0,0,156,null
zhuowei,actions-on-google-php,7,0,0,5,PHP
zhuowei,addongen,3,3,0,139,JavaScript
zhuowei,aFileChooser,11,5,0,616,Java
ShangtongZhang,ComputerGraphicsCoursework,2,0,0,1886,C++
ShangtongZhang,Crossprop,5,0,1,123,Python
ShangtongZhang,DataMining,1,2,0,1104,Python
ShangtongZhang,DeepRL,650,122,1,5214,Python
ShangtongZhang,DistributedES,32,5,0,446,Python
chadbennett,TokenAirdrop,1,0,0,133,JavaScript
aras-p,aras-p.hugo,1,0,0,345383,HTML
yoonkim,CNN_sentence,1424,688,37,506,Python
yellows8,3ds-totalcontrolhaxx,15,0,0,18,Assembly
yellows8,3dsbootldr_fatfs,17,0,0,56,C
yellows8,3dsbootldr_firm,5,1,0,61,C
yellows8,3dscrypto-tools,30,1,0,122,C
yellows8,3dshax,39,3,0,396,C
yellows8,3ds_browserhax_common,57,17,8,184,PHP
yellows8,3ds_dsiwarehax_installer,51,5,3,28,C
jgarzik,auctionpunk,21,5,0,123,JavaScript
jgarzik,bc-hashfs,14,7,0,30,Python
jgarzik,bip100,14,18,0,33,null
jgarzik,bips,3,2,0,3536,Protocol Buffer
jgarzik,bitcoin,23,5,0,86087,C++
jgarzik,bitcoin.org,1,1,0,23958,CSS
erikaheidi,24pullrequests,1,1,1,5609,Ruby
erikaheidi,ansible,1,0,0,23371,Python
erikaheidi,cfmgmt,16,14,0,10,Ruby
soapyigu,AgoraDemoExtend,13,0,0,16549,Objective-C
soapyigu,Analyze,1,0,0,67641,Objective-C
csjaba,9arrows-i18,3,1,0,1432,JavaScript
pedant,ActionBar-PullToRefresh,1,0,0,3628,null
chad,99problems_erlang,9,2,2,188,Erlang
chad,abstracts,5,1,1,81672,null
chad,activemodel,14,2,0,142,Ruby
willard-yuan,awesome-cbir-papers,127,44,0,35,null
gzc,awesome-courses,14,16,0,825,null
allenwong,30DaysofSwift,10067,1895,6,169715,Swift
allenwong,MakeIconsWithSketch,607,33,1,15899,null
allenwong,Whale-For-Sketch-Meetup,7,0,0,81793,Swift
qinix,aliyun-push-ruby-sdk,2,0,0,4,Ruby
piiswrong,autosub,7,3,0,20763,Python
piiswrong,caffe,1,0,0,34525,C++
jduck,addjsif,27,15,0,177,Ruby
jduck,android-cluster-toolkit,72,21,0,44,Ruby
aemkei,ack-tmbundle,2,2,0,189,Shell
miguno,akka-mock-scheduler,81,9,1,96,Scala
twada,array-foreach,8,0,0,13,JavaScript
mrholek,Alba-Bootstrap-4-Admin-Template,71,43,4,9203,null
yidao620c,api-doc,6,3,0,161,Java
mattifestation,BCD,29,9,0,26,PowerShell
mattifestation,capstone,16,7,0,4670,C
mattifestation,CatalogTools,9,2,0,736,PowerShell
mattifestation,DeviceGuardBypassMitigationRules,95,27,1,9,null
mattifestation,dnscrypt-logger-plugin,2,5,0,140,C
mattifestation,PIC_Bindshell,86,41,0,121,PowerShell
mattifestation,PoCSubjectInterfacePackage,53,19,0,408,PowerShell
mattifestation,PowerShellArsenal,462,117,5,1834,PowerShell
mattifestation,PowerWorm,68,42,0,134,PowerShell
mattifestation,PSReflect,102,39,2,29,PowerShell
karalabe,akasha-gateway,8,4,1,8055,Go
zhukov,opus-recorder,2,0,0,6500,JavaScript
zhukov,prime-factorization-benchmark,6,4,0,263,JavaScript
andelf,andelf.github.com.old,1,0,0,104,null
trevnorris,.vim,3,1,0,953,Vim script
trevnorris,ab-neuter,4,1,0,6,JavaScript
pkozlowski-opensource,angular,1,0,0,78869,TypeScript
tokuhirom,64p.org,2,0,0,669,HTML
abhshkdz,8tracks-downloader,45,12,1,1162,Shell
travisjeffery,.emacs.d,1,0,0,3839,Emacs Lisp
wch,adv-r,1,0,0,11600,R
wch,badadd,2,0,0,92,null
wch,bisectr,12,1,0,152,R
wch,cache,1,0,0,5,R
TKkk-iOSer,QQPlugin-macOS,239,26,9,1725,Objective-C
TKkk-iOSer,tkkk-ioser.github.io,2,1,0,3525,HTML
TKkk-iOSer,TKTweakDemo,135,36,2,119,Shell
TKkk-iOSer,wechat-alfred-workflow,135,7,7,3768,Python
TKkk-iOSer,WeChatPlugin-iOS,1610,236,36,1762,Objective-C
TKkk-iOSer,WeChatPlugin-MacOS,6186,769,53,20018,Objective-C
chenssy89,images,1,1,0,275,null
chenssy89,JavaCore,51,56,1,106,Java
chenssy89,JDMHA,2,6,0,7800,Java
chenssy89,jutils,747,530,11,123,Java
chenssy89,spring-generate,15,28,1,34362,Java
chenssy89,xxplay,38,25,0,11635,Java
fukamachi,.emacs.d,13,2,0,26,Emacs Lisp
fukamachi,ac-swift,1,0,0,1,Emacs Lisp
fukamachi,appengine-clj,7,2,0,217,Clojure
fukamachi,archive,1,0,0,56,Common Lisp
fukamachi,as-interval,4,0,0,128,Common Lisp
fukamachi,asdf-c-test-file,3,0,0,100,Common Lisp
fukamachi,asn1,2,0,0,9,Common Lisp
fukamachi,assoc-utils,14,0,2,8,Common Lisp
robjhyndman,addb,3,1,0,2168,R
robjhyndman,anomalous,78,22,0,16702,R
robjhyndman,anomalous-acm,99,24,2,16713,R
sdogruyol,active_record.cr,1,0,0,112,Crystal
ptwobrussell,bootstrap-combobox,1,1,0,800,CSS
ptwobrussell,brat,1,0,0,84522,null
sciguy14,Arduino-Tutorial-Series,142,58,0,92,Processing
sciguy14,Control-my-Cap,6,3,2,7603,JavaScript
sciguy14,DeepNote-Guitar-Hero-Bot,3,2,0,908,null
sciguy14,Eagle-Tutorial-Series,75,86,0,902,Prolog
sciguy14,Exploring-Arduino,71,37,0,476,Arduino
sciguy14,facebook-squared,2,3,0,528,Arduino
dkhamsing,apns-guide,64,17,0,10,null
dkhamsing,app_store_screenshots,14,0,0,30,Ruby
dkhamsing,awesome_bot,494,51,13,341,Ruby
dkhamsing,BrandColors,30,5,1,4232,Objective-C
dkhamsing,cocoapods-readme,6,1,0,22180,Ruby
netojoaobatista,Adapter,20,1,1,180,JavaScript
netojoaobatista,android,3,0,0,3471,Java
netojoaobatista,android-checkout,1,0,0,2543,Java
grugq,0day,4,0,0,92,null
grugq,Buggery,35,14,1,223,Python
grugq,fetching,17,4,0,80,Python
grugq,grugq.github.com,50,14,0,106680,HTML
grugq,idevicerestore,2,1,0,408,C
grugq,opdis,2,1,0,369,C
grugq,portal,639,72,4,26038,null
grugq,PORTALofPi,290,55,14,31,Shell
DeveloperLx,Android-Development-Tutorials-translation,3,0,0,1002,null
DeveloperLx,clang_static_analyzer_document_translation,4,0,0,305,null
DeveloperLx,Dreamy_download_manage_solution,19,4,0,187,null
DeveloperLx,FauxPas_document_translation,10,2,0,17,null
DeveloperLx,LxAppleOfficialFontManager,1,0,0,121,Objective-C
DeveloperLx,LxAppleOfficialFontManager-swift,2,0,0,121,Swift
DeveloperLx,LxApplication,2,1,0,259,Objective-C
DeveloperLx,LxBigFileDigger,2,0,0,4,Shell
carlosantoniodasilva,arel,1,0,0,2724,Ruby
carlosantoniodasilva,balanced-ruby,1,0,0,106,Ruby
carlosantoniodasilva,bowling_game,2,0,0,300,Ruby
tgalal,android-dumpkey,2,4,0,140,Python
tgalal,android_device_samsung_degaswifi,4,4,0,5336,null
tgalal,android_device_samsung_matissewifi,1,1,0,268,null
titu1994,8086-Microprocessor,2,1,0,164,Java
titu1994,Adaptive-Sorting-Algorithm,1,0,0,8127,C#
titu1994,Advanced_Machine_Learning,13,1,0,110063,Python
eriklindernoren,awesome-machine-learning,1,4,0,1055,Python
eriklindernoren,eriklindernoren.se,12,4,0,101640,CSS
mnot,cache-tests,1,0,6,1377,JavaScript
mnot,conn-sniff,1,0,0,317,JavaScript
ept,asciidraw,1,0,0,100,Objective-C
pgte,0x,1,0,0,10711,JavaScript
java-decompiler,java-decompiler.github.io,19,7,0,340,HTML
java-decompiler,jd-eclipse,416,159,24,1155,Java
java-decompiler,jd-gui,4770,1064,122,57460,Groovy
java-decompiler,jd-gui-grepcode,13,9,1,196,Groovy
java-decompiler,mvn-repo,7,8,0,2476,null
drewconway,data_science_box,162,29,0,120,Shell
drewconway,ds_social_sciences,5,3,0,64,null
drewconway,GMM,13,2,0,21767,Python
drewconway,infochimps,39,1,0,6146,R
orangepi-xunlong,OrangePi2MicrosoftAzure,1,0,0,4463,C
orangepi-xunlong,OrangePiA64_external,1,2,1,1253,null
orangepi-xunlong,OrangePiA64_kernel,4,3,0,504629,C
orangepi-xunlong,OrangePiA64_scripts,2,2,0,35,Shell
orangepi-xunlong,OrangePiA64_toolchain,1,2,0,527374,null
bcoe,Adventures-in-Document-Thumbnailing,14,1,1,284,null
bcoe,AFHTTPRequestOperationManager-Timeout,5,1,0,132,Objective-C
k4m4,awesome,8,3,0,494,null
hongru,30min_guides,2,0,0,77,null
hongru,agility,2,1,0,803,JavaScript
codebutler,59boards,6,0,0,1516,TypeScript
codebutler,android-menudrawer,1,0,0,3875,Java
ppoffice,ant-colony-tsp,9,8,1,5,Python
ppoffice,apache-php-mssql-odbc,4,11,1,0,PHP
ppoffice,cm10.1_onda_v819mini,1,3,0,219604,VimL
ppoffice,hexo-theme-alex,65,23,2,1207,CSS
ppoffice,hexo-theme-hueman,822,277,9,5639,CSS
ppoffice,hexo-theme-icarus,1389,579,31,7922,CSS
ppoffice,hexo-theme-minos,275,97,0,10544,JavaScript
l3m0n,1000php,3,8,0,345493,HTML
beaston02,CAM4Recorder,29,62,2,12,Python
beaston02,CamsodaRecorder,34,74,8,21,Python
beaston02,CamsterRecorder,29,61,2,5,Python
beaston02,ChaturbateRecorder,275,0,30,33,Python
beaston02,InstaHoarder,4,3,2,9,Python
beaston02,mfcauto.py,4,17,0,36,Python
beaston02,MFCRecorder,100,0,15,164,Python
beaston02,SMrecorder,31,66,3,18,Python
rui314,8cc,3367,409,32,1339,C
rui314,8cc-old,11,2,0,504,C
aden,guessthecard,1,5,0,224,JavaScript
kaedea,Andriod-Seamless-ViewPager-Header,131,42,4,3587,Java
kana,anything-zsh-screen,2,1,0,84,Emacs Lisp
kana,chat.vim-users.jp-log-converter,4,1,0,142,Ruby
altercation,aif,1,0,0,2374,Shell
dionyziz,Algorithms,1,1,0,20370,C++
dionyziz,alive,1,1,0,120,PHP
dionyziz,Automata,32,9,15,273,JavaScript
dionyziz,balls-experiment,4,0,0,165,JavaScript
rubensousa,adventofcode2017,1,0,0,183,Kotlin
otw,maven-android-plugin,1,0,0,5510,Java
otw,maven-android-sdk-deployer,3,1,0,398,Shell
otw,MTC2011-Demo,1,0,0,380,Java
otw,MultiClip,5,2,0,259,JavaScript
otw,Nexus-JS-live-wallpaper,1,0,0,116,JavaScript
otw,Teleporter-Recode,1,1,0,1334,Java
otw,TeleporterBahnPlugin,1,1,0,100,Java
Cr4sh,Aptiocalypsis,29,9,2,25,Python
Nammari,al-muazzin,1,0,0,3432,Java
joschu,cgt,593,85,33,827,Python
unruledboy,CodingTests,1,0,0,9,C#
unruledboy,DatabaseStack,275,98,0,19591,JavaScript
unruledboy,DevelopmentStack,216,62,0,3383,JavaScript
unruledboy,DotNetStack,312,101,1,8952,JavaScript
unruledboy,GenericData,2,3,0,151,C#
unruledboy,loadrunner,12,6,0,156,C#
unruledboy,SharpDups,25,16,0,139,C#
unruledboy,SharpPackage,3,2,0,24,C#
unruledboy,SharpWordFinder,3,3,0,978,C#
unruledboy,SQLMonitor,143,73,2,1371,C#
unruledboy,trs,1,0,0,216,C#
unruledboy,WebFrontEndStack,1917,429,3,26027,JavaScript
unruledboy,WuManber,116,18,1,25,C#
ahmadawais,AA-Google-Analytics,1,2,0,14,PHP
NullArray,AmpliSpy,17,8,0,20,Python
NullArray,AutoSploit,3081,777,4,290,Python
NullArray,azazel,1,3,0,173,C
NullArray,Cypher,108,67,0,66,Python
NullArray,DorkNet,107,45,4,36,Python
adamwiggins,12factor,284,406,12,1046,Ruby
adamwiggins,acts_as_solr,1,1,0,8483,Ruby
adamwiggins,app-with-bundler-0.8-bundled,1,1,0,296,Ruby
adamwiggins,assetbench,1,0,0,180,Ruby
adamwiggins,asset_sync,1,0,0,112,Ruby
adamwiggins,bacon,5,1,0,120,Ruby
adamwiggins,bitswiki,32,3,0,178,Ruby
adamwiggins,blendproof,3,1,0,116,Python
adamwiggins,bundler,1,1,0,15935,Ruby
adamwiggins,cacheit,1,0,0,76,Ruby
adamwiggins,cachemanifest,23,1,0,84,Ruby
adamwiggins,chef-cookbooks,9,2,0,85,Ruby
adamwiggins,churner,1,0,0,92,Ruby
adamwiggins,clockwork,538,157,12,310,Ruby
adamwiggins,clockwork-rails-dj,27,6,0,274,Ruby
adamwiggins,clockwork-sinatra-beanstalk,47,3,0,86,Ruby
adamwiggins,cocos2d,5,6,0,3124,Python
duboviy,algoholic,17,7,0,1468,Python
duboviy,async,4,1,0,79,Python
duboviy,as_uid,3,0,0,19,Ruby
duboviy,data_science,3,0,0,2724,Jupyter Notebook
duboviy,dist,15,6,0,25,C
duboviy,Dockerfiles,8,1,0,16,Shell
careermonk,algorithm-design-techniques,16,13,0,740,Python
careermonk,DataStructureAndAlgorithmicThinkingWithPython,339,272,0,2887,Python
careermonk,DataStructureAndAlgorithmsMadeEasyInJava,425,569,2,1486,Java
careermonk,DataStructuresAndAlgorithms,2,6,0,28,Python
careermonk,DataStructuresAndAlgorithmsMadeEasy,161,143,2,3595,C
careermonk,GeneralNewsAndInfo,7,11,0,55792,HTML
phalt,beckett,86,5,11,2389,Python
phalt,BlockRecord,3,1,0,34,Python
phalt,cookiecutter-django-api,15,1,0,10,Python
johnno1962,Accelerator,172,9,2,11,Ruby
astuetz,android-borderless-emulator-skins,1,0,0,1,null
panique,html5-video,51,19,0,5335,HTML
panique,huge,2029,833,36,6810,PHP
panique,laravel-sass,72,30,8,17,PHP
panique,mini,1216,483,16,2976,PHP
panique,mini2,407,107,0,937,PHP
panique,mini3,138,66,6,3013,PHP
panique,pdo-debug,51,11,4,15,PHP
panique,php-login-minimal,478,213,3,74,PHP
panique,php-login-one-file,192,88,2,398,PHP
panique,php-login-styles,46,18,0,688,null
panique,php-logo,9,1,0,170,null
panique,php-long-polling,300,109,4,201,PHP
panique,php-sass,106,24,4,196,PHP
panique,php-sass-watcher,26,5,1,206,PHP
panique,phpstorm-theme-github-remixed,20,6,1,23,null
panique,phpstorm-theme-github-remixed-2,13,5,0,13,null
panique,simple-php-api,14,8,1,4,PHP
panique,simple-php-api-client,8,4,0,3,Shell
panique,thunderbird-unread-badge,1,0,0,79,null
panique,tiny,63,35,4,1108,PHP
panique,vagrant-lamp-bootstrap,116,101,5,156,Shell
JEG2,advent_of_code_2015,4,1,0,67,Ruby
JEG2,advent_of_code_2016,9,1,0,194,Elixir
JEG2,advent_of_code_2017,2,0,0,137,Elixir
JEG2,amalgalite,2,0,0,1270,C
pichenettes,ambika,57,30,0,1584,C++
pichenettes,anushri,30,21,0,1724,C++
pichenettes,avr-audio-bootloader,6,1,0,10,Python
pichenettes,avr-midi-bootloader,19,5,0,13,Makefile
pichenettes,avril,59,29,1,390,C++
pichenettes,avril-examples,10,5,0,190,C++
pichenettes,avril-firmware_tools,7,1,0,106,Python
pichenettes,avrilx,19,5,1,288,C
pichenettes,avrilx-examples,4,0,0,112,C++
pichenettes,beta-nmf,5,1,0,1764,C++
pichenettes,breadboard-friends,26,14,0,184,null
pichenettes,cvpal,21,12,0,1113,C++
pichenettes,ElmGen,3,2,0,248,Java
pichenettes,eurorack,498,179,0,44176,C++
pichenettes,firmware-factory,7,1,0,220,Python
pichenettes,hacks,6,0,0,268,Python
pichenettes,magnatagatune,8,2,0,84,Python
pichenettes,midipal,99,34,0,1153,C++
pichenettes,module_tester,11,8,0,847,C++
pichenettes,mutable-dev-environment,71,24,0,14,Shell
pichenettes,polyblep,16,5,0,119,C++
pichenettes,shruthi-1,116,55,0,13955,C++
pichenettes,shruthi-editor,5,1,0,402,C++
pichenettes,shruti1,11,2,5,3068,C++
pichenettes,stm-audio-bootloader,12,6,0,27,C++
pichenettes,stm32loader,1,1,0,101,Python
pichenettes,stmlib,38,21,0,3493,C++
pichenettes,stmlib-examples,4,2,0,132,C++
nhaarman,AboutLibraries,1,0,0,6443,Java
qiu-deqing,AjaxTCR,2,0,0,5,JavaScript
qiu-deqing,animate,1,0,0,132,JavaScript
alignedleft,crazy-data-circles,16,8,1,542,JavaScript
alignedleft,d3-book,1627,1439,2,601,HTML
brson,ack,1,0,0,2004,Perl
brson,android-plugin,2,1,0,187,Scala
brson,annotated-std-rs,67,2,1,184,null
brson,archaea,9,0,0,328,Python
brson,awesome-rust,1,0,0,793,Rust
brson,basic-http-server,49,14,3,27,Rust
brson,beagle-delicious,1,0,0,92,C#